entry_id,metal,label
6321,Yb,2.0
17859,Zn,2.0
17859,Ni,2.0
10676,Ti,3.0
10676,Ag,1.0
17860,Zn,2.0
17860,Ni,2.0
6320,Yb,2.0
21452,Tc,-3.0
19149,Mn,2.0
19149,Au,1.0
13761,Ta,3.0
7648,Ca,2.0
7649,Ca,2.0
28966,Ca,2.0
28966,Pb,2.0
31283,Cu,1.0
31283,Au,-1.0
8386,Rh,4.0
19150,Mn,2.0
19150,Au,1.0
30264,V,3.0
30264,Fe,2.0
21449,Tc,-3.0
8118,Ho,3.0
21453,Tc,-3.0
20443,Ag,1.0
19423,Ti,3.0
19423,Fe,2.0
22242,Sc,3.0
6318,Na,1.0
19422,V,2.0
19422,Os,-2.0
22243,Sc,3.0
18145,Ta,3.0
18145,Tc,-3.0
27974,Ti,3.0
27974,Al,3.0
10711,Cs,1.0
10711,Au,-1.0
10712,Rb,1.0
10712,Au,-1.0
18156,Ti,3.0
18156,Tc,-3.0
18157,V,3.0
18157,Tc,-3.0
8156,Tb,3.0
17904,Ti,2.0
17904,Os,-2.0
17906,Zr,2.0
17906,Os,-2.0
8119,Ho,3.0
20684,Zn,2.0
22262,Sc,3.0
22264,Y,3.0
14014,Sn,3.0
4543,Hg,2.0
11469,Cu,2.0
20469,Cu,3.0
4523,Hg,2.0
22475,Sn,4.0
17907,Sc,3.0
10182,Ag,1.0
14034,Pb,2.0
8162,Gd,3.0
22476,Sn,4.0
17353,Zn,2.0
22221,Ni,2.0
8155,Tb,3.0
30535,Hg,2.0
30535,Pt,-2.0
17898,Ti,2.0
8163,Gd,3.0
21451,Tc,-3.0
13784,Nb,2.0
14051,Pr,3.0
20468,Ni,3.0
4578,Mn,2.0
8165,Dy,3.0
4579,Mn,2.0
3311,Sn,3.0
8164,Dy,3.0
5624,Sr,2.0
5625,Sr,2.0
5626,Ca,2.0
14036,Pb,2.0
29022,Cd,2.0
29022,Pt,-2.0
5627,Mg,2.0
6912,Cr,3.0
14035,Pb,2.0
5578,V,2.0
22263,Y,3.0
29023,Cd,2.0
29023,Pt,-2.0
20737,Be,2.0
8167,Er,3.0
10997,Ca,2.0
10997,Pb,2.0
1797,Nb,3.0
13762,Ta,3.0
14025,Tm,3.0
8154,Tb,3.0
6117,Hg,2.0
31334,Fe,2.0
31334,Pt,-2.0
3084,W,4.0
4110,Cs,1.0
7652,Zn,2.0
8168,Er,3.0
8170,Tm,3.0
22530,Mg,2.0
22530,Ag,1.0
22284,Zr,4.0
22285,Zr,3.0
21518,Au,2.0
4111,Cs,1.0
14032,Zr,3.0
8173,Ba,2.0
20234,Mg,2.0
10497,Mn,2.0
10497,Al,3.0
20242,Mo,3.0
2577,Mg,2.0
2578,Mn,2.0
2580,Ni,2.0
8117,Ho,3.0
20685,Zn,2.0
6116,Zn,2.0
6628,Ag,2.0
13807,Ni,2.0
17670,Mn,2.0
17670,Ni,2.0
21515,Re,4.0
20235,Mg,2.0
5404,Fe,2.0
18905,Zr,2.0
6119,Hg,2.0
21508,Pd,2.0
11508,Tl,1.0
21516,Ir,4.0
4641,Al,3.0
8171,Tm,3.0
21510,Pd,2.0
21517,Pt,-2.0
30843,Ni,2.0
30843,Pt,-2.0
11510,Rb,1.0
18721,Ti,3.0
18721,Al,3.0
4138,Sc,2.0
5677,Tl,1.0
6958,Zn,2.0
5166,Li,1.0
4656,In,3.0
5426,Li,1.0
5427,Li,1.0
17671,Mn,2.0
17671,Ni,2.0
17680,Mn,2.0
17680,Pt,-2.0
6913,Y,3.0
10516,Al,3.0
10516,Ni,2.0
17700,Mn,2.0
17700,V,3.0
4149,Hf,4.0
4150,V,4.0
5176,Sc,3.0
22268,Cr,2.0
11511,K,1.0
11512,K,1.0
5632,Al,3.0
8206,Ni,2.0
10777,Mg,2.0
10777,Au,1.0
5177,Zr,3.0
7484,Li,1.0
5179,Ta,4.0
5181,Ca,2.0
6974,Pb,2.0
14029,Y,3.0
5611,Pd,2.0
21513,Hf,4.0
8182,Ru,4.0
11514,Cs,1.0
29551,Cr,2.0
22298,Sr,2.0
20780,Sr,2.0
8480,Ru,4.0
5182,Sr,2.0
6975,Pb,2.0
5183,Ba,2.0
8383,Np,3.0
30819,Nd,2.0
11505,Cs,1.0
21509,Pd,2.0
22308,Os,3.0
8112,Mo,4.0
5834,W,3.0
6118,Cd,2.0
11509,Rb,1.0
21514,Ta,4.0
17425,Hg,2.0
17425,Pt,-2.0
22306,Re,3.0
4163,V,3.0
17861,Zn,2.0
17861,Ni,2.0
13795,Nd,3.0
4568,U,3.0
8172,Yb,3.0
22305,Re,3.0
5151,Rb,1.0
20282,Y,3.0
20241,Mo,3.0
20281,Y,3.0
11312,Tl,1.0
20743,Pt,2.0
20744,Pt,2.0
28037,Gd,3.0
4108,K,1.0
5709,Cd,2.0
22281,Pt,-2.0
20243,Mo,3.0
22304,Re,3.0
30881,Zn,2.0
30881,Ni,2.0
6100,Pu,3.0
11507,Tl,1.0
17170,Ti,3.0
17170,Cu,1.0
18741,Zn,2.0
18741,Au,1.0
21569,V,3.0
17995,Sc,2.0
17995,Pt,-2.0
10813,Ti,3.0
10813,Au,1.0
4949,Nd,3.0
18015,Ti,2.0
18015,Pt,-2.0
8161,Y,3.0
11516,Sc,2.0
13825,Nd,3.0
21519,Sc,3.0
19509,Yb,2.0
31332,Cd,2.0
3679,Ag,1.0
21321,Ca,2.0
17225,Fe,2.0
17225,Ni,2.0
5180,Be,2.0
4707,Cd,2.0
21307,Er,3.0
21563,Cr,2.0
3685,Rb,1.0
17703,Mn,2.0
17703,Zn,2.0
7452,Fe,3.0
7523,Zn,2.0
3682,Na,1.0
3683,K,1.0
21324,Ag,3.0
6924,Nb,2.0
4109,Rb,1.0
5734,La,2.0
3684,K,1.0
5735,La,2.0
3686,Rb,1.0
4567,U,4.0
20240,Mo,3.0
1897,Sc,3.0
1898,Sc,3.0
4151,Zr,4.0
12625,Cs,1.0
5738,Nd,2.0
21322,Ru,3.0
4657,In,3.0
5236,La,2.0
22310,Mn,2.0
22313,Pt,-2.0
5686,Na,1.0
8487,In,2.0
21323,Rh,3.0
21326,Ir,3.0
22360,Cr,3.0
7540,Pd,2.0
29026,Cd,2.0
18199,La,3.0
14102,Cu,1.0
21332,Ag,3.0
21327,Au,3.0
13637,W,3.0
8472,Ti,3.0
28054,In,3.0
11589,Pb,2.0
21308,Er,3.0
8239,Ce,3.0
5695,Ba,2.0
14105,Cu,1.0
20836,Sc,3.0
4708,Al,3.0
5239,Nd,2.0
6099,Np,3.0
6101,Pu,4.0
21330,Ru,3.0
21338,Au,3.0
30778,W,3.0
20522,La,3.0
21325,Os,3.0
20565,W,4.0
13907,Mo,4.0
22370,Pd,2.0
20837,Sc,3.0
5241,Eu,2.0
8113,Sc,3.0
22368,Ag,2.0
10323,U,3.0
8063,Th,4.0
8273,Sn,3.0
8506,La,3.0
18025,V,2.0
18025,Pt,-2.0
5771,Eu,2.0
7823,Cu,1.0
7823,Au,-1.0
8080,Os,4.0
11321,Tl,1.0
21331,Rh,3.0
18038,Zr,2.0
18038,Pt,-2.0
4497,Cu,1.0
4498,Cu,1.0
21337,Ir,3.0
14013,Pu,3.0
11506,Cs,1.0
6296,Eu,2.0
8091,Rb,1.0
22276,Cr,3.0
22303,Re,3.0
10077,Ni,1.0
18036,Zn,2.0
18036,Pt,-2.0
8254,Lu,3.0
27646,Ti,3.0
27646,Ag,1.0
7826,Fe,2.0
7826,Pt,-2.0
8507,La,3.0
22314,Pt,-2.0
3735,Na,1.0
8252,Ga,3.0
5178,Nb,4.0
21334,Ta,3.0
8281,U,3.0
5995,K,1.0
13691,Mn,2.0
27877,Mn,2.0
27877,Al,3.0
21113,Ni,2.0
17788,Ni,2.0
17788,Pt,-2.0
5822,Bi,2.0
23862,Na,1.0
11301,U,3.0
8484,In,3.0
21329,Nb,3.0
30413,Gd,3.0
30414,Gd,3.0
1949,Ti,4.0
10280,Cr,3.0
21336,Os,3.0
8272,Sm,3.0
21386,Mg,2.0
5783,Ba,2.0
22367,Ru,4.0
12376,Al,3.0
19341,Zn,2.0
19341,Ag,1.0
21407,Pr,3.0
21306,Er,3.0
21335,W,3.0
5793,Tl,1.0
2466,Cu,1.0
18454,Mn,3.0
30415,Gd,3.0
8485,In,3.0
10315,Tm,3.0
20574,Hg,2.0
10081,Rb,1.0
8285,Y,3.0
30151,Eu,2.0
3678,Mn,2.0
7553,Ga,3.0
8090,Na,1.0
8260,Np,3.0
11602,Np,3.0
22454,Li,1.0
18717,Al,3.0
18717,Sn,2.0
31237,Zr,2.0
8149,Sm,2.0
21328,Zr,3.0
10320,Yb,3.0
8293,Sm,3.0
7552,Ga,3.0
21409,Pr,3.0
10128,Zn,2.0
10128,Cu,1.0
8355,Cs,1.0
1956,Eu,3.0
8385,Np,3.0
13641,Zr,2.0
8269,Pu,3.0
8286,Zr,3.0
28662,Ba,2.0
21512,La,3.0
8251,Ga,3.0
8295,Sm,3.0
30990,V,2.0
30990,Pt,-2.0
11166,In,2.0
5809,V,3.0
22432,Tc,3.0
3258,V,2.0
7551,Ga,3.0
22456,K,1.0
17895,Pt,2.0
8294,Sm,3.0
30994,Zn,2.0
30994,Pt,-2.0
30230,Fe,2.0
30230,Ni,2.0
5240,Sm,2.0
10370,In,3.0
8089,K,1.0
17838,Ti,3.0
17838,Ni,2.0
10164,Sr,2.0
10164,Li,1.0
2587,Tl,1.0
10381,Al,3.0
10381,Au,1.0
22430,Tc,3.0
14796,Fe,2.0
21497,Pm,3.0
8270,Pu,3.0
16746,La,3.0
13939,Pu,4.0
5808,Ti,3.0
14011,Tm,3.0
14011,Pt,-2.0
18312,Dy,3.0
22455,Na,1.0
13741,Mo,3.0
30736,Mn,2.0
30736,Ni,2.0
3814,Zr,2.0
18776,Pa,4.0
22433,Tc,3.0
16037,Pr,3.0
20934,Au,-1.0
30247,Fe,2.0
30750,Mn,2.0
30750,Pt,-2.0
20394,Y,3.0
8477,Zr,3.0
10103,Hg,2.0
10426,Al,3.0
10426,Cr,2.0
8282,U,3.0
17603,Li,1.0
17603,Pt,-2.0
20679,Ni,2.0
10165,Ba,2.0
10165,Li,1.0
8265,Pa,3.0
18789,Cd,2.0
10102,Hg,2.0
18319,Er,3.0
20929,Al,3.0
20929,Fe,2.0
10688,Yb,2.0
10688,Au,-1.0
16038,Nd,3.0
13946,Re,4.0
22450,Na,1.0
22369,Rh,4.0
18105,Yb,3.0
13743,Nb,3.0
15297,Ag,1.0
10693,Ba,2.0
10693,Au,-1.0
8179,Mn,2.0
17637,Mg,2.0
17637,Pb,2.0
5847,Cr,6.0
17649,Mg,2.0
5087,Mg,2.0
20081,In,3.0
14047,Yb,2.0
3580,Li,1.0
3580,Zn,2.0
7530,In,3.0
14010,Tb,3.0
14010,Pt,-2.0
13703,U,3.0
17653,Mg,2.0
17653,Sn,2.0
11966,Ti,2.0
29771,Cu,1.0
21472,Sn,4.0
12787,Cr,2.0
28939,Tl,3.0
8221,Al,3.0
20395,Y,3.0
6332,Mn,2.0
8417,Mo,6.0
18731,Li,1.0
18731,Mg,2.0
8296,Sm,2.0
13998,Sm,2.0
5066,Rh,4.0
13829,Ce,4.0
10166,Ba,2.0
10166,Li,1.0
28211,Sc,2.0
28211,Au,-1.0
23364,Ca,2.0
8353,Na,1.0
30525,Hf,4.0
5585,Ca,2.0
5073,Cr,2.0
5586,Cd,2.0
19477,Al,3.0
19477,Cu,1.0
17899,Zr,4.0
21410,Pr,3.0
13335,Li,1.0
13335,Zn,2.0
8210,Mg,2.0
8210,Ag,1.0
4581,Pb,2.0
14012,Y,3.0
14012,Pt,-2.0
5113,K,1.0
13920,Np,4.0
17426,Hg,1.0
17426,Pt,-2.0
14060,Pt,-2.0
14056,Tm,3.0
14056,Pt,-2.0
8253,K,1.0
8253,Zn,2.0
27515,V,4.0
7955,Mn,2.0
7955,Cu,1.0
14009,Sm,3.0
14009,Pt,-2.0
2779,Bi,3.0
11315,Li,1.0
18738,Li,1.0
18738,Au,2.0
14054,Sc,3.0
14054,Pt,-2.0
14055,Tb,3.0
14055,Pt,-2.0
8505,K,1.0
8505,Zn,2.0
8474,W,6.0
5068,Mo,4.0
28235,Zr,2.0
28235,Au,-1.0
6396,Ir,4.0
31109,Ti,3.0
31109,Zn,2.0
13700,Mn,2.0
19121,Cr,2.0
8354,Cs,1.0
17715,Mo,4.0
30523,Hf,4.0
31036,Ta,4.0
8151,Sn,4.0
31133,V,3.0
5145,Ti,4.0
4880,Zn,2.0
10788,Nb,2.0
10788,Au,-1.0
8222,Cd,2.0
13819,V,2.0
13819,Ni,1.0
13989,Pd,2.0
8501,K,1.0
12315,Mn,2.0
25430,Sr,2.0
7680,Nb,4.0
2349,Fe,2.0
4569,U,6.0
31059,Ta,4.0
4583,Pb,2.0
13817,Ti,2.0
13817,Ni,1.0
4090,Ni,2.0
11318,Na,1.0
10783,Mn,2.0
10783,Au,1.0
8181,Nb,2.0
3637,Mo,4.0
10058,Na,1.0
20830,Sc,2.0
7473,Pt,4.0
13789,Nb,4.0
13374,Tb,4.0
11319,K,1.0
10784,Mn,2.0
10784,Au,-1.0
4898,Mg,2.0
11326,V,3.0
4879,Ti,2.0
11316,Li,1.0
6104,U,6.0
15433,V,4.0
4179,Li,1.0
22603,Ni,2.0
11320,K,1.0
7489,Ca,2.0
8177,Pu,3.0
8441,Np,6.0
29587,Cr,4.0
5084,Cu,2.0
23355,V,2.0
10094,Ti,2.0
26209,Sm,2.0
26209,Ni,1.0
3135,Ti,4.0
10059,Cu,1.0
30528,Hf,4.0
12890,Y,3.0
31058,Ta,4.0
14401,Ti,4.0
27587,Ag,1.0
10076,Nb,2.0
19825,Ca,2.0
30054,Er,3.0
20616,Ca,2.0
20616,Al,3.0
14301,Bi,3.0
4571,U,4.0
11317,Na,1.0
6102,Pu,4.0
23356,V,2.0
7474,Pt,4.0
12305,Nb,4.0
10055,Zr,4.0
3675,Mg,2.0
21370,Os,-2.0
21129,Mg,2.0
22351,Ti,4.0
5051,La,2.0
4925,Ho,3.0
21090,Mg,2.0
20513,Fe,2.0
7477,Pd,4.0
21130,Ti,2.0
17253,Li,1.0
17253,Ga,3.0
7257,Sr,2.0
3681,Sr,2.0
10098,Yb,2.0
3170,Ca,2.0
7536,Be,2.0
13949,Mg,2.0
13949,Cu,1.0
3449,Mg,2.0
3449,Sn,2.0
3449,Au,1.0
5629,Pa,4.0
5657,Sn,4.0
8052,Zr,2.0
10186,Ag,1.0
14057,Yb,3.0
14057,Pt,-2.0
12351,Ta,4.0
15462,Ti,3.0
14225,Ho,3.0
13375,Yb,2.0
13377,U,6.0
17743,Nb,4.0
17743,Pt,-2.0
11882,Fe,2.0
10097,V,2.0
19345,Be,2.0
19345,Au,-1.0
22486,Cr,2.0
22486,Ni,1.0
30786,Nb,4.0
5631,Al,3.0
5486,Ag,1.0
10384,Al,3.0
10384,Au,1.0
18857,Zr,2.0
14026,U,3.0
6319,Mn,2.0
8180,Mo,2.0
13372,La,2.0
30885,Np,3.0
5321,K,1.0
30790,Nb,4.0
25011,Cu,2.0
11875,Au,3.0
3943,Pb,2.0
5617,Tb,4.0
4091,Ni,2.0
27652,Al,3.0
27652,Au,1.0
10374,Np,3.0
29938,Dy,3.0
6792,Rb,1.0
3229,Ti,3.0
3229,Cu,1.0
5780,Cu,1.0
7549,Ti,4.0
10111,Ho,3.0
10111,Pt,-2.0
23730,Os,6.0
4389,Yb,2.0
3889,Ag,1.0
10084,Ba,2.0
22651,Ni,2.0
5788,Cd,2.0
10677,Ti,3.0
10677,Ag,1.0
13996,Rb,1.0
10372,Mn,3.0
10372,Pt,-2.0
3506,Hg,2.0
2092,Ba,2.0
7232,Sc,2.0
7232,Ni,1.0
21348,U,6.0
22939,Zn,2.0
22939,Ni,1.0
22782,W,4.0
18837,Fe,2.0
6298,Hg,2.0
29730,Mg,2.0
29730,Cu,1.0
29730,Sn,2.0
6949,K,1.0
18014,Pt,4.0
15899,Zn,2.0
15899,Fe,2.0
11299,Mn,2.0
22350,Ti,4.0
27647,Ti,3.0
27647,Ag,1.0
5411,Cs,1.0
19408,Al,3.0
19408,Cu,1.0
30883,Np,4.0
5698,Rb,1.0
13499,Mg,2.0
21534,Ni,4.0
10117,In,1.0
10117,Pt,-2.0
13242,Au,2.0
12966,Au,3.0
18128,Ti,3.0
18128,Sn,2.0
21450,Tc,-3.0
7011,Mo,4.0
6957,Ti,2.0
20943,Ca,2.0
20943,Sn,2.0
3714,Nb,4.0
13373,Ce,4.0
20689,Cu,1.0
3009,Li,1.0
3009,Cu,1.5
3665,Ce,4.0
30776,Tl,3.0
20807,Pt,4.0
13686,Mo,4.0
7815,Ni,4.0
10427,Al,3.0
10427,Cr,2.0
10427,Cu,1.0
18532,Cu,2.0
18532,Pt,-2.0
4464,Cr,2.0
13561,Cr,4.0
17712,Mo,4.0
17712,Pt,-2.0
17890,Al,3.0
17890,Ni,2.0
14534,Ho,3.0
14534,Ni,2.0
11310,U,3.0
13006,Nb,4.0
21539,Ni,4.0
28821,Eu,2.0
5660,Eu,2.0
4135,Ca,2.0
2353,Cr,2.0
15700,Ni,4.0
2881,Ni,2.0
3666,Pr,4.0
3667,Nd,2.0
12907,Nd,2.0
12141,Nb,4.0
17794,Yb,2.0
17794,Ni,1.0
28914,Pa,4.0
21394,Ba,2.0
18334,Ti,3.0
18334,Fe,2.0
18334,Sn,2.0
8076,Ta,4.0
28932,Sr,2.0
19368,Sm,2.0
30989,V,4.0
30989,Pt,-2.0
19116,Zr,4.0
28944,W,2.0
13988,Pb,4.0
17849,V,3.0
17849,Ni,2.0
2985,Na,1.0
2985,Cu,3.0
19653,Tl,1.0
19653,Cr,3.0
19909,Sc,3.0
19909,Ag,1.0
12727,Ta,5.0
12727,Cu,1.0
17351,Ti,2.0
30255,Ti,3.0
30255,Fe,2.0
30255,Sn,2.0
12991,Na,1.0
12991,Nb,5.0
10429,Al,3.0
10429,Cr,2.0
10429,Ni,2.0
14531,Pr,3.0
14531,Ni,2.0
14532,Nd,3.0
14532,Ni,2.0
14533,Dy,3.0
14533,Ni,2.0
20433,Ti,3.0
20433,Ni,2.0
4794,Al,3.0
4794,Cu,1.0
5306,Rb,1.0
5306,Nd,3.0
21460,Ti,3.0
21460,Mo,4.0
4795,Ga,3.0
4795,Cu,1.0
5307,Rb,1.0
5307,Sm,3.0
14535,Er,3.0
14535,Ni,2.0
22742,Eu,2.0
10435,Mn,2.0
10435,Al,3.0
10435,Cu,1.0
22743,Eu,2.0
4541,Fe,3.0
4541,Cu,1.0
5309,Rb,1.0
5309,Gd,3.0
10180,Li,1.0
10180,In,3.0
20695,Yb,3.0
20695,Ag,1.0
23004,Sr,2.0
10440,Ti,3.0
10440,Al,3.0
10440,Cu,1.0
6083,Na,1.0
6083,Cr,3.0
5059,Li,1.0
5059,Ni,3.0
11722,Pb,2.0
5060,Na,1.0
5060,Ni,3.0
19421,Mn,2.0
19421,Cu,1.0
19421,Sn,2.0
28225,Ti,3.0
28225,Au,1.0
13780,Na,1.0
13780,V,3.0
6858,Na,1.0
6858,Fe,3.0
13781,Na,1.0
13781,Y,3.0
13782,Na,1.0
13782,V,3.0
19425,Cd,2.0
17635,Mg,2.0
17635,Ni,2.0
17636,Mg,2.0
17636,Ni,2.0
17636,Sn,2.0
1994,In,2.0
14554,Na,1.0
14554,Cu,3.0
3022,K,1.0
3022,Pr,3.0
19431,Nb,3.0
22250,In,3.0
3023,Rb,1.0
3023,Dy,3.0
8150,Sc,2.0
3024,Rb,1.0
3024,Ho,3.0
17897,Re,6.0
10714,Zn,2.0
10714,Cu,1.0
10714,Au,1.0
7898,Cu,1.0
4824,Cu,1.0
26968,Na,1.0
18167,Ti,3.0
18167,Zn,2.0
11003,Ca,2.0
11003,Sn,2.0
21535,Ni,4.0
22340,Ir,4.0
31236,Zr,4.0
10428,Al,3.0
10428,Cr,2.0
10428,Fe,2.0
2487,Na,1.0
5308,Rb,1.0
5308,Eu,3.0
5057,Pt,2.0
30780,Na,1.0
30780,V,3.0
12908,La,2.0
6868,Ag,3.0
22256,Os,-2.0
22259,Cr,3.0
22259,Ga,3.0
3801,Ag,1.0
5086,U,6.0
22013,Ca,2.0
22013,Ga,3.0
17915,Pt,-0.6666666666666666
17915,Pb,2.0
8426,Ir,3.0
22016,Sr,2.0
22016,Ga,3.0
31333,Mg,2.0
17157,Zn,2.0
17157,Cu,1.0
17157,Ni,2.0
13826,Cr,2.0
18703,Al,3.0
18703,Cu,1.0
18703,Pt,-2.0
8116,Mn,2.0
18722,Ti,3.0
18722,Al,3.0
5305,Rb,1.0
5305,La,3.0
10185,Ag,1.0
8152,Zn,2.0
17644,Mg,2.0
17644,Pt,-0.6666666666666666
5088,Cr,3.0
5088,Cu,1.0
10461,Al,3.0
10461,Fe,2.0
10462,Mn,2.0
10462,Al,3.0
10462,Fe,2.0
22266,Cr,2.0
22266,Cd,2.0
5608,Ti,3.0
20481,Ca,2.0
20482,Cd,2.0
29803,Cu,1.0
29803,Sn,2.0
17672,Mn,2.0
17672,Ni,2.0
29804,Cu,1.0
29804,Sn,2.0
5878,Cr,3.0
10466,Ti,3.0
10466,Al,3.0
10466,Fe,2.0
21493,Zn,2.0
21493,Cd,2.0
12278,Na,1.0
12278,Ta,5.0
6134,Fe,3.0
6134,Ag,1.0
18189,V,3.0
18189,Zn,2.0
11008,Ca,2.0
11008,Zn,2.0
17681,Mn,2.0
17681,Pt,-0.6666666666666666
30581,Na,1.0
30581,In,3.0
17171,Ti,3.0
17171,Cu,1.0
17704,Mn,2.0
17704,Zn,2.0
6431,Li,1.0
13892,Zn,2.0
3294,Cu,2.0
10463,Al,3.0
10463,Fe,2.0
10463,Mo,4.0
31062,Ti,2.0
31335,Mn,2.0
31335,Fe,2.0
22327,Mg,2.0
13815,Ni,1.0
29575,Cr,6.0
29575,Pt,-2.0
5370,Fe,3.0
5370,Cu,1.0
5403,Ag,1.0
21315,Al,3.0
21315,V,3.0
22270,Sr,2.0
22270,Cd,2.0
21511,Pd,2.0
13818,Ti,3.0
13818,Ni,2.0
9510,Cr,2.0
16382,Cu,3.0
16382,Ag,1.0
6901,Na,1.0
6901,Gd,3.0
10816,Ti,2.0
10816,Au,-1.0
18705,Al,3.0
18705,V,3.0
18705,Fe,2.0
16688,Li,1.0
16688,Cr,3.0
10999,Ca,2.0
10999,Pb,2.0
4130,Na,1.0
4130,Al,3.0
17728,Na,1.0
17728,Pb,2.0
29096,Ce,3.0
29821,Ti,3.0
29821,Cu,1.0
3853,Ca,2.0
24225,Sc,2.0
17815,Ti,3.0
17815,Ni,2.0
17815,Sn,2.0
15560,K,1.0
15560,Mn,3.0
15561,Rb,1.0
15561,Mn,3.0
21459,Ti,3.0
21459,Mo,4.0
10183,Ag,1.0
10184,Ag,1.0
10958,Bi,2.0
10958,Pt,-2.0
5833,Mn,2.0
5833,Cu,2.0
21996,Ca,2.0
21996,Fe,2.0
3025,Rb,1.0
3025,Er,3.0
3026,Rb,1.0
3026,Tm,3.0
3027,Rb,1.0
3027,Yb,3.0
3028,Rb,1.0
3028,Lu,3.0
18925,Na,1.0
18925,Cr,3.0
4310,K,1.0
4310,Sn,3.0
12767,Sn,2.0
15080,Cu,1.0
4825,In,3.0
10464,Al,3.0
10464,Fe,2.0
10464,Ni,2.0
14572,Ca,2.0
14572,Hg,2.0
5089,Ca,2.0
13293,Ni,3.0
13293,Ag,1.0
20992,Li,1.0
20992,Mo,3.0
12527,Pb,2.0
31074,Zr,4.0
4843,K,1.0
4843,Cr,3.0
11764,Nd,3.0
11764,Rh,3.0
12276,Sm,3.0
12276,Rh,3.0
13306,Ba,2.0
13306,Hg,2.0
14849,Sr,2.0
14849,Hf,4.0
13823,Ni,2.0
3059,Sc,3.0
3059,Cu,1.0
19212,Na,1.0
19212,Mn,3.0
28016,Cu,1.0
28528,Mo,3.0
5879,Mo,3.0
21264,Os,3.0
5880,Ta,3.0
6137,Na,1.0
6137,In,3.0
23317,Cd,2.0
22805,Li,1.0
22805,V,3.0
12803,K,1.0
12803,Er,3.0
6141,Rb,1.0
6141,Sc,3.0
10500,Mn,2.0
10500,Al,3.0
10500,Ni,2.0
18711,Al,3.0
18711,Ni,2.0
7941,V,3.0
16663,Na,1.0
16663,Er,3.0
7942,Nb,3.0
7943,Ta,3.0
15125,Cr,3.0
15125,W,3.0
14100,Cu,1.0
17156,Cu,1.0
17156,Ni,2.0
17156,Sn,2.0
20742,Pt,2.0
12304,Sn,2.0
22307,Re,3.0
10769,Li,1.0
10769,Au,-0.3333333333333333
28805,Dy,3.0
28805,Fe,3.0
16414,Cd,2.0
4620,V,4.0
10772,Li,1.0
10772,Au,1.0
23337,Ba,2.0
23337,Ga,3.0
7954,Fe,2.0
3086,Tl,1.0
10263,Al,3.0
23340,Lu,3.0
23340,Ag,1.0
3087,Tl,1.0
3087,Bi,3.0
20523,La,3.0
10010,In,3.0
10010,Cu,1.0
28815,Er,3.0
28815,Fe,3.0
30608,In,3.0
20014,Tm,3.0
20014,Ag,1.0
18478,Nd,3.0
18478,Tl,1.0
18479,Gd,3.0
18479,Tl,1.0
25234,Sr,2.0
18480,Tb,3.0
18480,Tl,1.0
18481,Dy,3.0
18481,Tl,1.0
11298,Nb,3.0
18482,Ho,3.0
18482,Tl,1.0
28822,Gd,3.0
28822,Fe,3.0
29590,Tl,1.0
29590,Cr,3.0
18483,Er,3.0
18483,Tl,1.0
28824,Ho,3.0
28824,Fe,3.0
23958,Ag,1.0
23958,Rh,3.0
28827,Lu,3.0
28827,Fe,3.0
6948,In,1.0
22592,Cs,1.0
28834,Sm,3.0
28834,Fe,3.0
3110,Pb,2.0
21570,V,3.0
6698,Hg,1.0
13620,Ca,2.0
13620,Cu,2.0
28836,Tb,3.0
28836,Fe,3.0
5162,Fe,2.0
6699,Hg,1.0
10289,Tm,3.0
10289,Ni,2.0
21316,Ti,3.0
21316,Al,3.0
6700,Hg,1.0
4908,Zn,2.0
21319,Ca,2.0
21319,Zn,2.0
21575,Ni,3.0
25255,Li,1.0
25255,Ag,1.0
13114,Rb,1.0
14657,Rb,1.0
14657,Pr,3.0
6450,Ga,3.0
14658,Rb,1.0
14658,Nd,3.0
7476,Pt,2.0
8503,K,1.0
14659,Rb,1.0
14659,Sm,3.0
25260,K,1.0
25260,Ag,1.0
5171,Ni,3.0
17994,Pu,6.0
17994,Pt,-2.0
4403,Hg,1.0
14661,Rb,1.0
14661,Gd,3.0
3891,Tl,1.0
14662,Rb,1.0
14662,Tb,3.0
4405,Hg,1.0
14663,Rb,1.0
14663,Dy,3.0
17997,Sc,2.0
17997,Pt,-0.6666666666666666
6200,In,3.0
6200,Ag,1.0
14664,Rb,1.0
14664,Ho,3.0
17998,Sc,2.0
17998,Sn,2.0
17998,Pt,-2.0
3126,Sn,2.0
3382,Na,1.0
3382,Mn,3.0
26547,Sc,3.0
26547,Tl,1.0
30643,K,1.0
30643,Sn,3.0
14666,Rb,1.0
14666,Tm,3.0
25779,K,1.0
25779,Pr,3.0
26548,Sc,3.0
26548,Tl,1.0
30644,K,1.0
13894,Sc,3.0
17233,V,3.0
17233,Fe,2.0
17233,Sn,2.0
25780,Rb,1.0
25780,Ce,3.0
14668,Rb,1.0
14668,Lu,3.0
25781,Rb,1.0
25781,Nd,3.0
28855,Gd,3.0
28855,Ni,2.0
2362,Cr,3.0
2362,Ag,1.0
18004,Sn,2.0
18004,Pt,-0.6666666666666666
3900,Ce,4.0
3900,Ni,2.0
22361,Ti,3.0
22361,Al,3.0
22361,Ni,2.0
7747,Cr,3.0
7747,Ag,1.0
21081,Ti,3.0
21081,Al,3.0
21081,Ni,2.0
3391,Li,1.0
3391,V,3.0
10312,Yb,3.0
10312,Tl,1.0
13646,Nb,3.0
3649,Pt,2.0
3138,Na,1.0
3138,Cr,3.0
4932,Li,1.0
4932,Cr,3.0
13391,Ta,3.0
13391,In,1.0
21087,Sr,2.0
18782,Ca,2.0
18782,Pb,2.0
19038,Tl,1.0
22536,Zn,2.0
3142,U,6.0
7241,Fe,2.0
7241,Ni,2.0
14682,Nb,3.0
7759,V,3.0
4684,Pd,2.0
18000,Sm,2.0
18000,Pt,-0.6666666666666666
10814,Ti,3.0
10814,Au,1.0
12371,Al,3.0
7246,Cu,1.0
7246,Au,1.0
4311,Rb,1.0
4311,Sn,3.0
14103,Cu,1.0
18029,V,2.0
18029,Pt,-0.6666666666666666
18034,Yb,2.0
18034,Pt,-0.6666666666666666
10819,V,3.0
10819,Au,1.0
18039,Zr,2.0
18039,Pt,-0.6666666666666666
3167,Be,2.0
15947,Tl,1.0
18037,Zn,2.0
18037,Pt,-0.6666666666666666
10093,Ti,3.0
7498,Cd,2.0
5969,Zn,2.0
5970,Cd,2.0
5987,Al,3.0
5478,Ag,1.0
5487,Li,1.0
5487,Al,3.0
22409,Al,3.0
22409,Cu,1.0
12372,Al,3.0
10099,Yb,3.0
20619,Ca,2.0
20619,Al,3.0
17803,Ni,1.3333333333333333
21097,Na,1.0
17808,Ni,2.0
17808,Sn,2.0
4700,Cr,2.0
10604,Al,3.0
10604,V,3.0
8280,Ti,3.0
10118,In,2.0
10118,Pt,-0.6666666666666666
17769,Nd,2.0
17769,Pt,-0.6666666666666666
5716,Ni,3.0
17286,Ga,2.0
17286,Pt,-0.6666666666666666
5981,Pt,2.0
7023,Ag,1.0
6466,Li,1.0
10349,Zn,2.0
10349,Ag,1.0
10349,Au,1.0
3061,Ba,2.0
17231,Fe,2.0
17231,Sn,2.0
26573,Sr,2.0
26573,Fe,2.0
7812,Pd,2.0
30987,Ti,2.0
30987,Pt,-0.6666666666666666
20049,In,3.0
4696,Cu,1.0
5148,Na,1.0
14667,Rb,1.0
14667,Yb,3.0
5720,Ni,2.0
5507,Li,1.0
5507,Ga,3.0
7825,Fe,2.0
7825,Pt,-0.6666666666666666
10655,Mg,2.0
10655,Ag,1.0
8276,Ta,3.0
4466,V,3.0
3643,Rb,1.0
21388,Mo,3.0
20620,Sr,2.0
20620,Al,3.0
20621,Ba,2.0
20621,Al,3.0
5824,W,6.0
19953,Al,3.0
3555,Cr,2.0
10505,Mn,2.0
10505,Al,3.0
10505,V,3.0
22373,Mn,2.0
22373,Al,3.0
22373,V,3.0
4457,Li,1.0
13429,Cd,2.0
13429,Hg,2.0
22179,Ba,2.0
22179,Sr,2.0
22182,Ba,2.0
22182,Ca,2.0
7832,Pd,2.0
16043,Na,1.0
16043,Li,1.0
16045,Na,1.0
16045,Li,1.0
21687,Ag,1.0
18109,U,4.0
17342,Ni,2.0
22431,Tc,3.0
18878,W,6.0
4404,Hg,1.0
5717,Ni,2.0
28881,Lu,3.0
28881,Ni,2.0
5722,Ni,2.0
24284,Rb,1.0
24284,Tb,3.0
10123,Cu,1.0
10123,Au,-0.3333333333333333
18854,Mn,2.0
5787,Na,1.0
5787,Er,3.0
12373,Ga,3.0
12375,Zn,2.0
22678,Tl,1.0
22678,Cr,3.0
20575,Mg,2.0
16488,Na,1.0
22176,Sr,2.0
22176,Ca,2.0
17573,La,2.0
17573,Pt,-0.6666666666666666
17065,Zn,2.0
17065,Cd,2.0
17065,Pt,-2.0
15014,V,2.0
13918,Tb,4.0
13918,Ni,2.0
11368,Y,3.0
11368,Cu,1.0
5699,Li,1.0
5699,Rh,3.0
16771,Nd,3.0
16771,Ni,1.0
22452,Na,1.0
21576,Ni,3.0
5218,Nb,3.0
28390,Fe,3.0
22045,Ba,2.0
4658,Bi,3.0
22372,Mn,2.0
22372,Al,3.0
22428,Tc,1.0
10658,Mg,2.0
10658,Zn,2.0
10658,Ag,1.0
20403,Mo,6.0
20403,Pt,-2.0
8105,Au,3.0
17720,Ta,3.0
28628,W,3.0
8039,Tl,3.0
8039,Ag,1.0
12668,Cu,2.0
27645,Ti,3.0
27645,Ag,1.0
25372,Na,1.0
25372,Au,-1.0
19391,Rh,3.0
6316,Cs,1.0
5554,Na,1.0
5554,Ta,5.0
19460,Fe,2.0
19460,Cu,1.0
19460,Sn,2.0
24544,Rb,1.0
24544,Cu,1.0
5763,Cu,1.0
20637,Cu,2.0
7828,Cu,2.0
21688,Ag,1.0
4772,Na,1.0
4772,Tl,3.0
13749,Ti,3.0
20436,Cs,1.0
20436,Pb,2.0
19462,Cu,1.0
19462,Ni,2.0
19462,Sn,2.0
3872,Tl,1.0
3872,Cd,2.0
26833,Na,1.0
26833,V,3.0
10083,Fe,2.0
30684,Li,1.0
30684,Ti,3.0
10664,Ag,2.0
10664,Pt,-0.6666666666666666
16596,Cu,1.0
21057,Al,3.0
21057,Cu,1.0
21106,Ti,3.0
21106,Ni,2.0
20632,V,2.0
7817,Fe,2.0
7817,Ni,2.0
7817,Pt,-2.0
8367,K,1.0
8367,Na,1.0
20169,Sc,3.0
20169,Bi,3.0
18855,Mo,4.0
10172,Cs,1.0
10172,Au,2.0
19409,Mn,2.0
19409,Zn,2.0
25652,Yb,2.0
25652,Mg,2.0
3031,Cs,1.0
3031,Hg,2.0
30685,Li,1.0
30685,Zr,3.0
11990,Ba,2.0
11990,Ir,4.0
3032,Rb,1.0
3032,Hg,2.0
13668,Mn,2.0
13668,Ni,2.0
19087,In,2.0
19087,Pt,-0.6666666666666666
20631,Ti,2.0
10389,Ti,3.0
10389,Al,3.0
10389,Au,1.0
19382,Li,1.0
19382,Cr,3.0
3493,Nb,3.0
18926,K,1.0
18926,Cr,3.0
18484,Yb,3.0
18484,Tl,1.0
10386,Mn,2.0
10386,Al,3.0
10386,Au,1.0
16042,Na,1.0
16042,Li,1.0
20674,Mn,2.0
18928,Sr,2.0
18928,V,4.0
20633,Cr,2.0
7813,Ni,2.0
24283,Rb,1.0
24283,Gd,3.0
13178,Ga,2.0
30752,Mn,2.0
5555,La,3.0
5555,Al,3.0
10431,Al,3.0
10431,Cu,1.0
2743,Ni,1.3333333333333333
6610,Nd,3.0
6610,Al,3.0
4619,V,4.0
20573,Hg,2.0
20492,Zr,3.0
18013,Pt,2.0
2631,In,3.0
13692,Mn,2.0
16785,Cs,1.0
16785,Nd,3.0
12273,Na,1.0
26834,Na,1.0
26834,V,3.0
20634,Mn,2.0
10120,Sn,2.0
10120,Au,1.0
10531,Al,3.0
10531,V,3.0
10531,Ni,2.0
20638,Zn,2.0
7918,Ti,3.0
7918,Al,3.0
19037,Tl,1.0
28910,Yb,3.0
28910,Ni,2.0
6278,Rb,1.0
6278,Tl,3.0
7829,Sn,2.0
7829,Pt,-2.0
5553,Na,1.0
5553,Ta,5.0
12263,Li,1.0
11144,Sc,3.0
11144,In,1.0
11144,Pt,-2.0
11467,Ba,2.0
11467,Pa,4.0
6609,Pr,3.0
6609,Al,3.0
19454,Ca,2.0
19454,Al,3.0
6890,K,1.0
6890,Mn,2.0
6891,K,1.0
6891,Ni,2.0
7149,K,1.0
7149,Ta,5.0
6392,K,1.0
24280,Rb,1.0
24280,Pr,3.0
28901,Sm,3.0
28901,Ni,2.0
6126,Ca,2.0
6126,Ti,4.0
7656,Sr,2.0
7656,Nb,4.0
4313,Li,1.0
4313,Sn,3.0
16415,Cd,2.0
21058,Al,3.0
21058,Cu,1.0
13639,Zr,2.0
13639,Ta,3.0
17850,V,3.0
17850,Ni,2.0
3033,K,1.0
3033,Hg,2.0
18946,Sr,2.0
18946,Cr,4.0
6219,In,2.0
20636,Ni,2.0
19717,Ba,2.0
19717,Al,3.0
20456,Hf,4.0
20456,Pb,2.0
2275,Li,1.0
2275,Cu,1.5
13042,Ca,2.0
13042,Au,1.0
2183,In,1.0
13238,Ba,2.0
13238,Ti,4.0
11194,Ca,2.0
11194,Zn,2.0
6611,La,3.0
6611,Al,3.0
16895,Rb,1.0
16895,U,5.0
7410,La,3.0
7410,Cr,3.0
20775,La,3.0
28908,Y,3.0
28908,Ni,2.0
17816,Ti,3.0
17816,Ni,2.0
17816,Sn,2.0
2185,In,1.0
5030,Ag,1.0
5030,Bi,3.0
5640,Nd,3.0
5640,V,3.0
5647,Zn,2.0
5647,Ag,1.0
8047,Tl,1.0
8047,Bi,3.0
20905,Sr,2.0
20905,Hg,2.0
11711,Gd,3.0
11711,Cr,2.5
2517,K,1.0
2517,Nb,5.0
13828,Zn,2.0
13828,Fe,2.0
18028,V,2.0
18028,Pt,-0.6666666666666666
11669,Ca,2.0
22278,Ca,2.0
22278,Sn,2.0
8436,K,1.0
8436,U,5.0
13573,Rb,1.0
13573,Au,-1.0
16047,Na,1.0
16047,Li,1.0
14519,Ba,2.0
14519,Zn,2.0
5638,Ce,3.0
5638,V,3.0
5639,Pr,3.0
5639,V,3.0
5646,K,1.0
5646,Mg,2.0
19407,Tl,1.0
19407,Fe,3.0
12126,Na,1.0
12126,Rh,3.0
10107,Na,1.0
10107,Ho,3.0
17820,V,3.0
17820,Ni,2.0
17820,Sn,2.0
5255,Na,1.0
13212,Cs,1.0
13212,Yb,3.0
13984,Na,1.0
13984,V,3.0
6297,V,2.0
13268,Li,1.0
13268,Ni,2.0
14824,Na,1.0
14824,Sn,2.5
5628,La,3.0
5628,Ti,3.0
4705,Cr,3.0
4705,Cu,1.0
17809,Ni,2.0
17809,Sn,2.0
8202,Rb,1.0
8202,Mn,2.0
5642,Ce,3.0
5642,Cr,3.0
8209,Ba,2.0
8209,Mo,4.0
13209,Cs,1.0
13209,Ho,3.0
13210,Cs,1.0
13210,Er,3.0
20168,In,3.0
20168,Bi,3.0
7352,La,2.0
7352,Ru,2.0
2794,Ba,2.0
2794,Zn,2.0
5637,La,3.0
5637,V,3.0
19996,Mg,2.0
19996,Al,3.0
9999,Nb,5.0
9999,Ag,1.0
5644,Nd,3.0
5644,Cr,3.0
12279,Eu,2.0
12279,Al,3.0
19147,Yb,3.0
18392,Yb,3.0
18392,Mn,2.5
21805,Ca,2.0
21805,Ni,1.0
20899,Tl,1.0
20899,Cd,2.0
19719,Ti,4.0
19719,Pb,2.0
5645,Sm,3.0
5645,Cr,3.0
30251,Zr,2.0
30251,Fe,3.0
19752,La,3.0
19752,Al,3.0
12529,Pb,2.0
19211,Li,1.0
19211,Mn,3.0
14007,Tb,3.0
14007,Os,-1.5
5643,Pr,3.0
5643,Cr,3.0
5908,Cs,1.0
5908,Pb,2.0
3092,K,1.0
3092,Fe,2.0
24066,Ba,2.0
8092,Na,1.0
8092,Ti,3.0
18416,Lu,3.0
18416,Cu,2.5
27992,Ca,2.0
27992,Ru,2.0
24067,Ba,2.0
3854,Ca,2.0
3854,Al,3.0
16944,Ca,2.0
16944,Mg,2.0
10329,Cu,2.0
10329,Ni,2.0
6277,K,1.0
6277,Tl,3.0
2184,In,1.0
11670,Ca,2.0
4502,Na,1.0
30516,Hf,4.0
30516,Ni,2.0
3798,Al,3.0
3798,Cr,2.0
29780,Yb,2.0
29780,Cu,1.0
21254,Rb,1.0
21254,Fe,2.5
2798,Ca,2.0
2798,Zn,2.0
7782,Ni,2.0
18876,Ni,2.0
18876,Pb,2.0
25651,Eu,2.0
25651,Mg,2.0
14041,Tb,4.0
14041,Pd,2.0
18699,Al,3.0
18699,Ni,2.0
8208,Ba,2.0
8208,Pu,4.0
3341,Ce,4.0
3341,Mg,2.0
16946,Ba,2.0
16946,Mg,2.0
2080,Mg,2.0
7775,Cu,2.0
7775,Ag,1.0
13475,Li,1.0
13475,Cu,3.0
7584,Mn,3.0
23872,Sr,2.0
23872,Ru,4.0
21623,Na,1.0
21623,Ru,3.0
30830,Tm,3.0
30830,Ni,1.5
13853,Fe,2.0
13853,Sn,2.0
16943,Ca,2.0
16943,Mg,2.0
18821,In,3.0
18821,Cu,1.0
18821,Pt,-2.0
13215,K,1.0
13215,Sm,3.0
10264,Ca,2.0
5671,Cs,1.0
5671,Pb,2.0
5672,Cs,1.0
5672,Pb,2.0
6441,Mg,2.0
21102,Na,1.0
13213,Cs,1.0
13213,Lu,3.0
21175,Na,1.0
21175,Mo,3.0
31030,Tm,3.0
31030,Ru,2.5
18390,Dy,3.0
18390,Mn,2.5
5400,Cs,1.0
5400,Au,2.0
18389,Tb,4.0
18389,Mn,2.0
19000,Sr,2.0
19000,Tc,4.0
9938,La,3.0
9938,Ru,2.5
2800,Sr,2.0
2800,Zn,2.0
20778,Gd,3.0
20778,Cu,2.5
16945,Sr,2.0
16945,Mg,2.0
4639,Cs,1.0
4639,Hg,2.0
13108,K,1.0
13108,Pd,2.0
30995,Zr,2.0
30995,Pt,-2.0
25369,Cs,1.0
25369,Au,-1.0
1708,Sr,2.0
1708,Au,-1.0
18391,Ho,3.0
18391,Mn,2.5
16374,Ce,3.0
16374,Pt,-2.0
15624,Dy,3.0
15624,Ni,1.5
15626,Er,3.0
15626,Ni,1.5
28029,Eu,2.0
28029,Ru,2.0
6932,Cs,1.0
6932,Au,2.0
2352,Cs,1.0
2352,Sn,2.0
22505,V,4.5
18239,Ca,2.0
10343,Gd,3.0
10343,Tl,1.0
29818,Tl,1.0
29818,Cu,1.5
5380,K,1.0
5380,Cu,2.0
25072,K,1.0
25072,Yb,3.0
13192,Na,1.0
13192,Lu,3.0
31031,Y,3.0
31031,Ru,2.5
12310,Tb,3.0
12310,Cr,2.5
20779,Yb,3.0
20779,Cu,2.5
29542,Er,3.0
29542,Cr,2.5
25246,Sr,2.0
25246,Mg,2.0
5424,Ba,2.0
5424,Ti,4.0
7217,Rb,1.0
20773,La,3.0
14660,Rb,1.0
14660,Eu,3.0
8027,Ag,1.0
8027,Bi,3.0
10335,Dy,3.0
10335,Tl,1.0
31029,Th,4.0
31029,Ru,2.0
31134,Mn,2.0
26784,Sr,2.0
26784,Al,3.0
21841,Na,1.0
21841,Mg,2.0
9939,Sm,3.0
9939,Ru,2.5
18409,Sc,3.0
18409,Ni,2.5
13191,Na,1.0
13191,Yb,3.0
26439,Ca,2.0
26439,Cu,1.0
26439,Sn,2.0
2767,Ba,2.0
2767,Fe,2.0
13214,Rb,1.0
13214,Ce,3.0
18415,Er,3.0
18415,Cu,2.5
22588,Li,1.0
14070,Rb,1.0
14070,Ti,3.0
24278,Rb,1.0
24278,La,3.0
4967,Na,1.0
4967,Ti,3.0
4206,In,1.0
12776,Li,1.0
12776,Ni,2.0
21080,Rb,1.0
21080,Ca,2.0
2801,Sr,2.0
2801,Cd,2.0
4704,Cr,3.0
4704,Ag,1.0
25071,Na,1.0
25071,Yb,3.0
5379,Ag,1.0
22335,Pr,3.0
5719,Fe,2.0
28916,Pr,3.0
28916,Rh,3.0
25373,K,1.0
25373,Au,-1.0
20960,Cd,2.0
23316,Cu,1.0
4461,Ag,1.0
13694,Mn,2.0
1960,Ti,4.0
1960,Pb,2.0
19148,Lu,3.0
12749,Tm,3.0
12749,Fe,2.5
9940,Yb,3.0
9940,Ru,2.5
18438,Pr,4.0
18438,Cu,2.0
16782,K,1.0
16782,La,3.0
16044,Na,1.0
16044,Li,1.0
25370,Rb,1.0
25370,Au,-1.0
18412,Nd,3.0
18412,Cu,2.5
18414,Tb,4.0
18414,Cu,2.0
15625,Ho,3.0
15625,Ni,1.5
7950,Sr,2.0
7950,Ru,2.0
4364,Mn,2.0
6161,Ba,2.0
6161,Cd,2.0
12311,Ho,3.0
12311,Cr,2.5
15020,Os,4.0
18398,Ce,3.0
18398,Fe,2.5
18399,Gd,3.0
18399,Fe,2.5
2799,Ca,2.0
2799,Cd,2.0
30833,Yb,2.0
30833,Ni,2.0
29557,Lu,3.0
29557,Cr,2.5
15640,Yb,2.0
15640,Zn,2.0
29594,Tm,3.0
29594,Cr,2.5
3105,Ba,2.0
3105,Ti,4.0
13875,Ni,2.0
11567,Tl,1.0
5423,Ba,2.0
5423,Ti,4.0
22090,Ba,2.0
22090,Pd,2.0
12601,Sr,2.0
12601,Ru,4.0
19784,K,1.0
19784,Ca,2.0
5683,La,3.0
5683,Fe,3.0
5684,La,3.0
5684,Mn,3.0
18388,Nd,3.0
18388,Ru,2.5
15602,Sm,2.0
15602,Pd,3.0
15623,Tb,3.0
15623,Ni,1.5
5950,Ba,2.0
5950,Mg,2.0
11333,Na,1.0
11333,V,2.0
5696,Sr,2.0
5696,Hf,4.0
25790,Mg,2.0
25790,Be,2.0
19550,Sr,2.0
27902,Al,3.0
27902,Ni,2.0
3870,Zr,4.0
3870,Ni,2.0
13905,Mg,2.0
13905,Ni,2.0
12884,Sr,2.0
12884,Mo,4.0
23143,Ce,3.0
23143,Al,3.0
25371,Li,1.0
25371,Au,-1.0
16784,K,1.0
16784,Gd,3.0
20449,Sr,2.0
20449,Hf,4.0
16953,Ca,2.0
16953,Zn,2.0
3874,Al,3.0
3874,Fe,2.0
18831,K,1.0
18831,Er,3.0
28028,Eu,2.0
28028,Ni,2.0
5651,Ca,2.0
5651,Zr,4.0
5952,Ba,2.0
5952,Mg,2.0
13911,Rb,1.0
18400,Dy,3.0
18400,Fe,2.5
6483,K,1.0
6483,Sc,3.0
8229,Al,3.0
8229,Pt,0.3333333333333333
29596,Yb,2.0
29596,Cr,3.0
16984,Yb,2.0
16984,Zn,2.0
10074,K,1.0
10074,Mg,2.0
4703,Cr,3.0
4703,Cu,1.0
27984,Ba,2.0
27984,Cr,2.0
30829,Sm,2.0
30829,Ni,2.0
22324,Ca,2.0
22324,Pt,2.0
13865,Tl,1.0
13866,Tl,1.0
15265,Na,1.0
14901,Y,3.0
14901,Mn,2.5
13927,Cs,1.0
13927,Ca,2.0
13928,Cs,1.0
13928,Yb,2.0
8226,Mn,2.0
8226,Al,3.0
18413,Sm,3.0
18413,Cu,2.5
16956,Ca,2.0
16956,Cd,2.0
18862,Tl,1.0
18862,In,3.0
13797,Nd,2.0
13797,Pt,3.0
20086,Al,3.0
20086,Bi,3.0
20087,Ga,3.0
20087,Bi,3.0
5220,Sr,2.0
5220,Sn,4.0
5949,Sr,2.0
5949,Cd,2.0
5694,Ca,2.0
5694,Sn,4.0
5953,Ba,2.0
5953,Cd,2.0
5465,K,1.0
5465,V,2.0
17839,Ti,3.0
17839,Ni,2.0
16955,Ca,2.0
16955,Zn,2.0
15722,Cr,3.0
15722,Au,1.0
10254,Ho,3.0
10026,Ce,4.0
10026,Mn,2.0
5948,Sr,2.0
5948,Zn,2.0
16954,Ca,2.0
16954,Cd,2.0
5951,Ba,2.0
5951,Cd,2.0
20057,Sr,2.0
20057,Ru,4.0
13208,Cs,1.0
13208,Dy,3.0
16880,Ba,2.0
16880,Tb,4.0
22638,Ag,1.0
5466,Rb,1.0
5466,V,2.0
10828,Yb,2.0
10828,Au,-0.5
6746,Ba,2.0
6746,Pd,2.0
5222,Ba,2.0
5222,Sn,4.0
4199,Sr,2.0
4199,Ti,4.0
30104,Eu,2.0
30104,Ir,3.0
10027,Tb,3.0
10027,Au,2.5
6745,Sr,2.0
6745,Pd,2.0
5219,Sr,2.0
5219,Zr,4.0
5221,Ba,2.0
5221,Zr,4.0
7379,Ce,4.0
7379,Pd,2.0
7997,Ni,2.0
7997,Mo,2.0
14158,Sr,2.0
14158,Cu,2.0
30620,Nd,2.0
30620,Ir,3.0
10024,Pr,3.0
10024,Ru,2.5
13658,Mn,2.0
13658,Ni,2.0
6747,Ba,2.0
6747,Pd,2.0
31353,Nd,3.0
31353,Ni,1.5
21389,Mo,3.0
24068,Ba,2.0
18879,Ta,3.0
5331,K,1.0
5331,Hg,2.0
16643,Nd,3.0
16643,Pt,-2.0
28039,Gd,3.0
28039,Ni,1.5
30135,Eu,2.0
30135,Pt,3.0
22091,Ba,2.0
22091,Pt,2.0
29593,Sm,3.0
29593,Cr,2.5
13400,Rb,1.0
6744,Sr,2.0
6744,Pd,2.0
20795,Ba,2.0
20795,Ni,2.0
5679,Ba,2.0
5679,Th,4.0
5775,Sc,3.0
21173,K,1.0
21173,Ti,3.0
30941,Sr,2.0
30941,Pd,3.0
22670,Rb,1.0
22670,Ca,2.0
2403,K,1.0
2403,Pd,2.0
30807,Nd,2.0
30807,Pd,3.0
17767,Nd,2.0
17767,Pt,-2.0
19146,Er,3.0
16616,Zr,4.0
11311,Sc,3.0
11311,Cu,2.5
6770,K,1.0
4219,K,1.0
4219,Zn,2.0
19355,Fe,2.0
19355,Sn,2.0
5381,K,1.0
5381,Cr,2.0
13919,Zn,2.0
13919,Ni,2.0
25302,Yb,2.0
25302,Al,3.0
16709,K,1.0
10050,Ho,3.0
10050,Au,2.5
16739,K,1.0
16739,Cu,1.5
13401,Cs,1.0
12721,In,2.0
2766,Sr,2.0
2766,Fe,2.0
16327,Pr,3.0
14825,Sr,2.0
14825,Sn,2.0
17172,Ti,3.0
17172,Cu,1.0
25536,Ca,2.0
25536,Al,3.0
16737,Tb,4.0
16737,Ag,2.0
6023,Cs,1.0
6023,Yb,2.0
30141,Eu,2.0
30141,Rh,3.0
13200,Cs,1.0
13200,La,3.0
3756,Li,1.0
3756,Pd,2.0
6125,Ca,2.0
6125,Ti,4.0
13058,Pu,3.0
13058,Ru,2.5
16345,Nd,3.0
22092,Sr,2.0
22092,Ni,2.0
16479,Sr,2.0
16479,Ce,4.0
26481,La,2.5
28085,Sr,2.0
28085,Ni,2.0
7660,Li,1.0
7660,Ce,4.0
24279,Rb,1.0
24279,Ce,3.0
28212,Sc,2.0
28212,Au,-0.5
30832,Y,3.0
30832,Ni,1.5
5984,Ba,2.0
5984,Ti,4.0
27373,In,3.0
20293,Tb,3.0
30131,Eu,2.0
30131,Pd,3.0
26353,Ba,2.0
26353,Zn,2.0
5732,Na,1.0
3855,Fe,3.0
3855,Bi,3.0
28558,Ni,2.0
28558,W,2.0
5682,Ti,4.0
5682,Pb,2.0
5500,Na,1.0
5500,W,5.0
30768,Ni,2.0
30768,Mo,4.0
6384,Gd,3.0
27021,K,1.0
27021,Pd,2.0
14064,Th,4.0
14064,Pt,-2.0
10022,Ho,3.0
10022,Ru,2.5
20294,Dy,3.0
16642,Pr,3.0
16642,Pt,-2.0
13822,Tm,3.0
13822,Ni,2.5
30248,Sm,3.0
30248,Fe,2.5
28014,Cs,1.0
28014,Ru,2.5
30849,Sr,2.0
30849,Ni,2.0
20292,Gd,3.0
20297,Tm,3.0
8509,La,2.0
8509,Pt,3.0
18778,Sn,2.0
18778,Pt,-2.0
15711,Sc,2.5
5204,K,1.0
5204,Er,3.0
12694,Cs,1.0
12694,Sn,2.0
21918,Sr,2.0
28011,Sr,2.0
28011,Cr,2.0
27553,Eu,2.0
27553,Pd,2.0
20295,Ho,3.0
10049,Y,3.0
10049,Au,2.5
29898,Dy,3.0
29898,Ni,2.5
14042,Th,4.0
14042,Pd,2.0
13055,Th,4.0
13055,Tc,-2.0
6742,Ca,2.0
6742,Pd,2.0
5463,Ba,2.0
16783,K,1.0
16783,Nd,3.0
28083,Sm,2.0
28083,Ni,2.0
6899,Li,1.0
6899,Mn,2.0
30663,La,2.0
30663,Rh,3.0
18814,Nd,3.0
18814,Cr,2.5
6769,Li,1.0
6769,Ni,2.0
6025,Cs,1.0
6025,Eu,2.0
20145,Na,1.0
20145,Be,2.0
5247,Ta,4.0
5247,Sn,2.0
17709,Ni,2.0
17709,Mo,4.0
6170,Li,1.0
6170,Ce,4.0
3680,Sn,4.0
30623,Sm,2.0
30623,Ir,3.0
30901,Tm,3.0
30901,Os,-1.5
13812,Zr,2.0
13812,Ni,2.0
30903,Y,3.0
30903,Os,-1.5
1857,Os,4.0
5392,Ca,2.0
5392,Sn,4.0
3359,Li,1.0
3359,Zr,4.0
30694,Lu,3.0
30694,Ni,2.5
5233,Ni,1.3333333333333333
11672,Cs,1.0
3856,Bi,3.0
3890,Fe,3.0
3890,Bi,3.0
6743,Ca,2.0
6743,Pd,2.0
17032,Ca,2.0
17032,Pb,2.0
4495,Ba,2.0
4495,Li,1.0
4496,Sr,2.0
4496,Li,1.0
11673,Cs,1.0
7321,Ca,2.0
4771,Mg,2.0
13695,Sm,3.0
13695,Mn,2.5
24061,Zr,4.0
24061,Pb,2.0
14248,K,1.0
14248,Au,-1.0
13060,Pu,4.0
13060,Pd,2.0
30898,Pr,3.0
30898,Os,-1.5
14436,Yb,3.0
14436,Ni,2.5
29637,Eu,3.0
29637,Cu,2.5
7289,Tl,1.0
7289,Cu,1.5
13994,Th,4.0
13994,Ta,5.0
11671,Cs,1.0
4970,Er,3.0
4970,Tl,1.0
6520,Ag,1.0
14226,Li,1.0
14226,Pt,-2.0
30392,Gd,3.0
30392,Ni,1.5
21109,Ba,2.0
21109,Fe,2.0
21174,Tl,1.0
21174,Bi,3.0
14539,La,3.0
14539,Mn,2.5
11468,Ba,2.0
11468,Np,4.0
20747,Sr,2.0
20747,Fe,2.0
13065,Pu,3.0
13065,Os,-1.5
12826,Ho,3.0
6174,Nd,3.0
29133,Ce,3.0
29133,Ni,1.5
28947,Ca,2.0
28947,Cu,3.0
4347,Y,3.0
4347,Cu,2.5
30894,Tm,3.0
10342,Gd,3.0
10342,Ru,2.5
4754,Sr,2.0
4754,Cu,3.0
16829,Ti,3.0
16829,Sn,2.0
30826,Pr,3.0
30826,Ni,1.5
31174,La,2.0
31174,Pd,3.0
14503,Cs,1.0
20296,Er,3.0
5544,Na,1.0
5544,Nb,5.0
4145,Nd,3.0
19119,Cs,1.0
19119,Pb,2.0
19120,Cs,1.0
19120,Pb,2.0
27098,Sc,3.0
27098,Ag,1.0
6616,Zr,4.0
6616,Cu,1.0
13064,Np,3.0
13064,Au,2.5
10399,Ca,2.0
10399,Al,3.0
10399,Zn,2.0
7265,Rb,1.0
7265,Pt,2.0
15282,Mg,2.0
15282,Al,3.0
5541,K,1.0
3581,Sn,4.0
17804,Tb,4.0
17804,Ni,2.0
15781,Sm,2.0
15781,Al,3.0
19118,Rb,1.0
19118,Cu,2.0
19145,Ho,3.0
26391,Cs,1.0
26391,Au,2.0
30707,Lu,3.0
30707,Ru,2.5
3729,Th,4.0
3729,Cu,2.0
13056,Np,3.0
13056,Ru,2.5
16983,Th,4.0
16983,Cu,1.0
30397,Gd,3.0
30397,Os,-1.5
30904,Yb,3.0
30904,Os,-1.5
21268,La,3.0
8094,Tl,1.0
8094,Cu,2.0
15796,Ba,2.0
15796,Cu,1.0
20912,Sr,2.0
20912,Ru,2.0
15795,Ba,2.0
15795,Cu,1.0
11042,Sc,2.5
20913,Ba,2.0
20913,Ru,2.0
30641,K,1.0
30641,Ni,1.5
11041,Sc,3.0
17772,Nd,2.0
17772,Rh,3.0
5470,Nd,3.0
4940,K,1.0
4940,Pt,2.0
4357,Yb,3.0
27360,Yb,2.0
27360,Ru,2.0
27366,Sm,2.0
27366,Ru,2.0
18410,Y,3.0
18410,Ni,2.5
18315,Dy,3.0
18315,Ru,2.5
4774,Mn,2.0
4774,Al,3.0
19839,Y,3.0
1904,Cr,3.0
28419,Fe,2.0
28419,W,2.0
18317,Er,3.0
18317,Ru,2.5
29902,Dy,3.0
29902,Os,-1.5
5678,Ba,2.0
5678,Ce,4.0
5002,Ag,1.0
14066,Yb,2.0
14066,Pt,3.0
30853,Tl,1.0
30853,Ni,1.5
18342,Er,3.0
18342,Au,2.5
30935,Pr,4.0
30935,Pd,2.0
18340,Eu,2.0
18340,Au,-1.0
27594,Cr,3.0
27594,Ag,1.0
28074,Nd,3.0
28074,Ni,1.5
14262,Ca,2.0
14262,Mg,2.0
3696,La,3.0
3696,Cu,1.0
20298,Lu,3.0
4205,Cs,1.0
16542,Y,3.0
25313,K,1.0
3728,Th,4.0
3728,Ni,2.0
27354,Sr,2.0
27354,Os,-2.0
25378,Na,1.0
11439,Ba,2.0
11439,Pd,2.0
30653,La,3.0
30653,Os,-1.5
20291,Sm,3.0
30955,Pr,4.0
30955,Pt,-2.0
14238,Yb,2.0
14238,Cd,2.0
5203,K,1.0
5203,La,3.0
27550,La,2.0
27550,Pd,2.0
30142,Eu,2.0
30142,Ru,3.0
29149,Ce,3.0
29149,Os,1.0
15495,Eu,3.0
15495,Ni,2.5
27548,Nd,2.0
27548,Pd,2.0
26621,Ti,3.5
27626,Ni,3.0
27626,Ag,1.0
13882,In,2.0
13882,Pt,-2.0
8000,Ce,4.0
8000,Ni,2.0
10109,Ho,3.0
10109,Os,-1.5
2768,Ba,2.0
2768,Mn,2.0
15225,Ba,2.0
15225,Ni,2.0
18337,Ce,3.0
18337,Au,2.5
4852,Ho,3.0
7599,Na,1.0
7599,Mg,2.0
22994,Ru,6.0
30119,Eu,2.0
30119,Pd,2.0
18338,Pr,3.0
18338,Au,2.5
3727,Th,4.0
3727,Mn,2.0
2475,Ti,4.0
2477,Sn,4.0
12475,Sr,2.0
2481,Ni,2.0
15045,Yb,2.0
15045,Cu,1.0
2482,Zn,2.0
13766,U,4.5
13814,Pr,3.0
13814,Ni,2.5
30075,Eu,2.0
30075,Fe,3.0
7853,Tl,1.0
7853,Cu,1.5
6327,Ti,3.0
25132,Pr,3.0
25132,Mo,4.5
13652,Ce,3.0
13652,Ga,3.0
13205,Cs,1.0
13205,Eu,3.0
2222,Cr,6.0
4524,Bi,3.0
2478,Mn,2.0
18339,Nd,2.0
18339,Au,-1.0
27627,Ni,3.0
27627,Ag,1.0
3699,Sm,3.0
3699,Cu,1.0
3700,Eu,3.0
3700,Cu,1.0
16318,Cs,1.0
16318,Pt,-2.0
6317,Ti,4.0
6317,Cd,2.0
19141,Pr,3.0
19143,Tb,3.0
4050,K,1.0
4050,Ni,2.0
7641,U,4.0
4830,U,4.0
4830,Ni,2.0
14065,U,4.0
14065,Pt,-2.0
3698,Nd,3.0
3698,Cu,1.0
11148,Zr,3.0
11148,In,1.0
11148,Pt,-2.0
20396,Y,3.0
15019,Ru,4.0
21179,Ca,2.0
2762,Ca,2.0
2762,Ni,2.0
7642,U,4.0
7643,U,4.5
31322,Cs,1.0
31322,Fe,2.5
3303,U,4.5
30839,Pr,3.0
30839,Ni,1.5
3582,Pb,4.0
26237,Ni,2.0
26237,Ag,1.0
30847,Sm,2.0
30847,Ni,2.0
6411,Li,1.0
6411,Ce,4.0
28899,Pu,6.0
28899,Ni,2.0
3697,Pr,3.0
3697,Cu,1.0
30802,Nd,3.0
30802,Os,-1.5
3304,U,4.0
3307,Th,4.0
4853,Yb,3.0
13061,Np,3.0
13061,Os,-1.5
18466,Pu,6.0
18466,Cu,1.0
27022,K,1.0
27022,Pt,-2.0
3865,Ca,2.0
3865,Ni,3.0
18739,Mn,2.0
18739,Au,-0.5
20794,Ba,2.0
20794,Ni,2.0
30112,Eu,2.0
30112,Ni,2.0
20288,Cr,4.0
20288,Pb,2.0
3112,Ca,2.0
20290,Y,3.0
30893,Sm,3.0
24497,Eu,2.0
24497,Mn,2.0
30902,U,4.0
30902,Os,-2.0
28848,Ga,3.0
28848,Pt,0.3333333333333333
30394,Gd,3.0
30394,Ni,1.5
19032,Ti,4.0
19032,Au,-1.0
30396,Gd,3.0
11595,Lu,3.0
13906,Mn,2.0
13906,Sn,2.0
27073,Ce,4.0
13651,La,3.0
13651,Ga,3.0
17763,Nd,3.0
17763,Ni,2.5
3659,In,3.0
4941,Rb,1.0
4941,Pt,2.0
5455,Ni,2.0
26482,La,2.5
12568,Ca,2.0
12568,Zn,2.0
18242,Ca,2.0
18242,Sn,2.0
20814,Yb,2.0
20814,Mn,2.0
12124,Rb,1.0
12124,Ni,2.0
13666,Mn,2.0
13666,Zn,2.0
13922,Pt,-2.0
13922,Pb,2.0
2902,La,3.0
21107,Ca,2.0
21107,Fe,2.0
28117,Sr,2.0
28117,Sn,2.0
30797,Nd,3.0
30797,Ni,1.5
13810,U,3.0
13810,Ni,1.5
26731,Ba,2.0
26731,Mn,2.0
30074,Eu,2.0
30074,Fe,2.0
3660,In,3.0
10337,Er,3.0
10337,Os,-1.5
4187,Ca,2.0
4187,Ni,2.0
21110,Ba,2.0
21110,Fe,2.0
19572,V,4.0
19572,Pb,2.0
18549,Sm,3.0
18549,Ni,2.5
7264,K,1.0
7264,Pt,2.0
7266,K,1.0
7266,Pt,2.0
30918,Pb,2.0
24281,Rb,1.0
24281,Nd,3.0
24617,Gd,3.0
13662,Mn,2.0
13662,Sn,2.0
27359,Nd,2.0
27359,Ru,2.0
19840,Ce,3.0
30640,K,1.0
30640,Ni,1.5
21380,Fe,3.0
21380,Bi,3.0
27109,Ca,2.0
27109,Ga,2.0
28136,Cr,2.0
28136,Au,-0.5
28648,Ba,2.0
28648,Ru,2.0
30696,Lu,3.0
30696,Os,-1.5
2928,K,1.0
2928,Nb,5.0
13439,Cs,1.0
13439,Fe,2.5
10108,Ho,3.0
10108,Ni,2.5
2420,Cu,2.0
11902,K,1.0
11902,Au,1.0
7299,U,4.0
7299,Ru,2.0
30973,Sm,2.0
30973,Pt,3.0
3206,Bi,3.0
18336,La,2.0
18336,Au,-1.0
12435,La,3.0
12435,Ni,1.5
16543,Pm,3.0
4237,Th,4.0
30217,La,2.0
30217,Fe,2.0
27146,Eu,2.0
27146,Cd,2.0
18343,Ce,4.0
18343,Ag,2.0
14237,Eu,2.0
14237,Cd,2.0
18344,Pr,4.0
18344,Ag,2.0
12443,Th,4.0
12443,Fe,2.0
18346,Sm,3.0
18346,Ag,2.5
18347,Eu,3.0
18347,Ag,2.5
30223,Lu,3.0
30223,Fe,2.5
15784,Ce,3.0
28176,In,1.5
28176,Au,-1.0
7578,Ca,2.0
7578,Cu,2.0
15785,Pr,3.0
11424,Ca,2.0
11424,Ru,2.0
15788,Gd,3.0
11425,Eu,2.0
11425,Ru,2.0
15789,Tb,3.0
30229,Nd,3.0
30229,Fe,2.5
15790,Dy,3.0
4254,Li,1.0
4254,Pr,3.0
4255,Li,1.0
4255,Pr,3.0
11434,Pr,3.0
12973,Pr,3.0
12973,Mn,2.5
20156,Ba,2.0
4773,Rb,1.0
4773,Hg,2.0
7593,Sr,2.0
7593,Mn,2.0
31009,Sm,2.0
31009,Rh,3.0
6313,Cd,2.0
30974,Tb,4.0
30974,Pt,-2.0
18332,Pr,3.0
18332,Fe,2.5
6314,K,1.0
16316,Rb,1.0
16316,Pt,-2.0
14518,Sr,2.0
14518,Zn,2.0
22471,Ta,5.0
30759,Mn,2.0
30759,Sn,2.0
5206,La,3.0
20654,Sr,2.0
20654,Fe,2.0
18885,Pr,3.0
18885,Pt,-0.6
13755,Y,3.0
21705,Sc,3.0
30250,Yb,2.0
30250,Fe,2.0
13757,Pu,3.0
2479,Fe,2.0
4274,Cs,1.0
4274,Cu,1.0
30254,Fe,2.0
30254,Sn,2.0
6069,Th,4.0
30740,Np,4.0
30740,Mn,2.0
21434,Bi,3.0
6070,U,4.0
7867,Fe,3.0
2741,Ti,3.0
13507,Nd,2.0
13507,Mn,2.0
4024,Er,3.0
6074,Ac,3.0
11968,K,1.0
11968,Sn,2.0
8107,Bi,3.0
6075,Pu,3.0
22741,Sm,3.0
27189,Ba,2.0
6076,Pu,3.0
15310,La,2.0
15310,Fe,2.0
3517,Th,4.0
6080,Y,3.0
7875,Mn,2.0
7875,Al,3.0
15826,Yb,3.0
15826,Au,1.0
4800,Ca,2.0
3263,Zn,2.0
3008,Sr,2.0
3008,Cu,2.0
4294,Ti,3.0
3015,Cu,1.5
18626,Ca,2.0
18626,Mg,2.0
18626,Ni,2.0
2761,K,1.0
2761,Zn,2.0
4025,La,3.0
2509,Cr,4.0
7102,Sm,2.0
7102,Sc,2.0
4052,Rb,1.0
4052,Fe,3.0
4827,Fe,3.0
3292,Fe,3.0
4832,U,4.0
3297,Cd,2.0
3815,Nd,3.0
4585,Mo,4.0
4238,U,4.5
2027,V,3.0
3309,Nb,5.0
1772,Ca,2.0
3310,Nb,5.0
3567,Pd,2.0
4849,Cd,2.0
2802,Na,1.0
2802,Zn,2.0
2803,Na,1.0
2803,Cu,1.0
2804,Na,1.0
2804,Cu,1.0
27986,Li,1.0
27986,Be,2.0
2805,K,1.0
2805,Cu,1.0
2806,K,1.0
2806,Cu,1.0
3575,Al,3.0
3575,Mo,4.0
2038,Ba,2.0
2808,K,1.0
2808,Zn,2.0
2809,K,1.0
2809,Zn,2.0
29541,Dy,3.0
29541,Cr,2.5
2564,U,6.0
7119,Cs,1.0
7119,Cu,2.0
13508,Nd,2.0
13508,Mn,2.0
6875,Ba,2.0
12257,Rb,1.0
12257,Li,1.0
6876,Ba,2.0
2566,Pa,5.0
15580,Mg,2.0
11437,Sr,2.0
11437,Pd,2.0
1800,Ru,6.0
3949,Sn,2.0
18240,Ca,2.0
18240,Pb,2.0
20713,Sr,2.0
3593,Mo,6.0
3597,Be,2.0
1802,Ru,6.0
26953,Ca,2.0
10230,Yb,2.0
21263,Mg,2.0
1801,Os,-2.0
1804,Ru,6.0
1803,Os,-2.0
22794,Al,3.0
22794,Tl,1.0
1805,Os,-2.0
10694,Ba,2.0
10694,Au,-0.4
6599,Ba,2.0
7120,Mo,6.0
6406,K,1.0
3090,Tm,3.0
22072,Li,1.0
22072,Cu,2.0
31042,Yb,3.0
7137,Zr,4.0
7137,Pb,2.0
30561,Ho,3.0
15128,Li,1.0
2575,Ti,4.0
3350,Ca,2.0
3350,Cu,2.0
12436,Ce,3.0
12436,Ni,1.5
5357,Li,1.0
3094,Mo,4.0
2760,K,1.0
2760,Hg,2.0
3607,Cu,1.5
18195,Ti,3.0
18195,Al,3.0
17013,Yb,2.0
17013,Mn,2.0
16343,Ho,3.0
30816,Nd,3.0
6128,Ru,6.0
11010,Ca,2.0
11010,Zn,2.0
24194,Ba,2.0
24194,Li,1.0
21481,Ba,2.0
21481,Ti,3.0
4126,U,4.0
16342,Tb,3.0
4379,Sr,2.0
15120,Ru,4.0
16344,Er,3.0
24965,Na,1.0
24965,Sn,2.0
6092,Be,2.0
5854,Fe,2.0
3608,Fe,2.0
20218,Sr,2.0
7670,Li,1.0
7670,Zn,2.0
14851,Rb,1.0
14851,Au,1.0
8186,Ce,4.0
6405,Na,1.0
1707,Ca,2.0
1707,Au,-1.0
24971,Rb,1.0
24971,Ca,2.0
6839,Cs,1.0
6839,Cu,1.0
31056,Sm,3.0
5117,Fe,3.0
29002,K,1.0
29002,Cd,2.0
18664,Al,3.0
18664,Cu,1.0
13587,Ba,2.0
18213,Rb,1.0
18213,Au,-0.2
24712,Rb,1.0
24712,Au,1.0
1819,Ba,2.0
1819,Cu,1.0
3353,Tl,1.0
9970,Sr,2.0
9970,Au,-1.0
6059,Ce,3.0
18671,Cs,1.0
18671,Na,1.0
6883,W,6.0
5050,Na,1.0
19968,Cr,4.0
4137,Yb,3.0
27458,Ce,3.0
27458,Au,-1.0
29770,Cu,3.0
29608,Cs,1.0
29608,Pt,2.0
27993,K,1.0
27993,Cd,2.0
4652,Al,3.0
4828,Fe,3.0
4651,Al,3.0
15594,Ba,2.0
4834,U,4.0
6884,W,6.0
7683,Ni,2.0
14027,U,6.0
7620,K,1.0
7620,Mn,2.0
31046,Th,4.0
28055,K,1.0
28055,Mg,2.0
22470,Ta,5.0
3111,Cr,2.0
11002,Ca,2.0
11002,Pt,-0.4
1833,Ti,3.0
12490,Rb,1.0
12490,Na,1.0
12838,Cs,1.0
12838,Au,1.0
4140,Hg,2.0
30559,Ho,3.0
31096,Tb,4.0
13503,La,2.0
13503,Mn,2.0
16924,Mo,4.0
5856,Ni,1.5
14852,Cs,1.0
14852,Au,1.0
18956,Nd,3.0
7952,Er,3.0
18730,Sr,2.0
18730,Cu,1.0
31078,Sm,3.0
22282,V,3.0
22282,Fe,2.0
7412,Gd,3.0
31101,Tm,3.0
12835,Rb,1.0
12835,Au,1.0
7597,Ba,2.0
7597,Mn,2.0
30048,Er,3.0
15877,Ce,3.0
15877,Cr,4.5
10724,Eu,3.0
10724,Au,-0.6
12836,Cs,1.0
12836,Au,1.0
5925,Yb,3.0
5925,Cu,1.0
16963,Na,1.0
16963,Be,2.0
10198,Pr,3.0
10198,Ni,2.5
7690,Ca,2.0
7692,Ca,2.0
7692,Cu,1.0
10285,Yb,2.0
10285,Cu,1.0
10085,La,3.0
2330,Bi,3.0
20656,Eu,2.0
20656,Fe,2.0
16388,Nb,4.0
17012,Eu,2.0
17012,Mn,2.0
20602,Ca,2.0
16389,Nb,4.0
7596,Sr,2.0
7596,Mn,2.0
6315,Na,1.0
2958,Fe,3.0
1696,Mn,4.0
1660,Cu,3.0
2133,Ba,2.0
7619,K,1.0
7619,Mn,2.0
26664,Re,7.0
14021,V,4.0
7618,Rb,1.0
7618,Mn,2.0
12489,Ta,4.0
30524,Hf,4.0
31037,Tb,4.0
31048,Th,4.0
5324,Ti,4.0
5326,Ti,4.0
10190,Dy,3.0
10190,Ni,2.5
18659,U,6.0
10202,Er,3.0
10202,Ni,2.5
31057,Ta,4.0
6617,Li,1.0
6617,Tb,3.0
6617,Cu,1.0
19142,Eu,3.0
13748,Ni,2.0
28207,U,6.0
28207,Pt,-2.0
28207,Au,2.0
14023,U,5.0
31038,Tm,3.0
22764,K,1.0
22764,Au,1.0
10201,Ho,3.0
10201,Ni,2.5
17129,Tl,1.0
17129,Pt,-2.0
11994,Sr,2.0
11994,Cu,1.0
10203,Tm,3.0
10203,Ni,2.5
10978,Ca,2.0
10978,Cu,1.0
31063,Tm,3.0
5082,Th,4.0
6882,Mo,6.0
10702,Ca,2.0
10702,Au,-0.4
12266,K,1.0
12266,Li,1.0
10200,Tb,4.0
10200,Ni,2.0
8410,Lu,3.0
8410,Os,-1.0
30059,Er,3.0
4833,U,4.0
7397,Sc,2.0
12268,K,1.0
12268,Li,1.0
26979,Pd,2.0
7411,La,3.0
30232,Np,3.0
30232,Fe,2.5
13796,Nd,3.0
13796,Pt,-2.0
4829,U,4.0
31064,Yb,3.0
8442,U,6.0
8442,Os,-2.0
31345,Ca,2.0
31345,Zn,2.0
31345,Sn,2.0
10205,Pb,2.0
6138,La,3.0
6650,Th,4.0
6139,Ce,3.0
6395,K,1.0
6395,Sn,2.0
6651,Th,4.0
7678,V,5.0
11009,Ca,2.0
11009,Zn,2.0
22549,Pr,3.0
14347,Sm,2.0
14347,Ni,1.0
6115,Cr,2.0
14348,Eu,2.0
14348,Ni,1.0
17689,Mn,2.0
17689,Sn,2.0
26978,Pd,2.0
28030,Mn,2.0
28030,Fe,2.0
30846,Ni,1.0
4613,Eu,2.0
4613,Ag,1.0
3590,Fe,2.0
19232,La,3.0
19232,Rh,3.5
19233,Ce,3.0
19233,Rh,3.5
5877,Mo,4.0
28015,Cu,1.0
10770,Na,1.0
10770,Au,1.0
18210,K,1.0
18210,Au,-0.2
18723,Ca,2.0
18723,Au,1.0
19235,Nd,3.0
19235,Rh,3.5
22054,Hf,4.0
19236,Sm,3.0
19236,Rh,3.5
29064,Li,1.0
29064,Ce,3.0
29064,Cu,1.0
19237,Gd,3.0
19237,Rh,3.5
13851,Fe,2.0
19238,Tb,3.0
19238,Rh,3.5
18215,Sr,2.0
18215,Au,1.0
19239,Dy,3.0
19239,Rh,3.5
14626,Nb,5.0
19240,Y,3.0
19240,Rh,3.5
18729,Eu,2.0
18729,Cu,1.0
19241,Ho,3.0
19241,Rh,3.5
24972,Rb,1.0
24972,Ca,2.0
27277,Pr,3.0
17900,Pr,3.0
17900,Os,-1.5
31344,Ca,2.0
31344,Zn,2.0
31344,Pb,2.0
6407,Rb,1.0
19242,Er,3.0
19242,Rh,3.5
27278,Pu,5.0
7445,La,2.0
7445,Ru,2.0
13599,Lu,3.0
13599,Ni,2.5
7446,Nd,2.0
7446,Ru,2.0
7962,Nb,2.0
7962,Ni,1.0
10269,Ba,2.0
10269,Ag,1.0
30098,Eu,3.0
30098,In,1.0
30098,Pt,-1.0
7449,Sm,2.0
7449,Ru,2.0
12833,Na,1.0
12833,Au,1.0
6682,Zr,4.0
18224,Ba,2.0
18224,Zn,2.0
5915,Ce,3.0
5915,Cu,1.0
14346,La,2.0
14346,Pt,-2.0
10274,Sr,2.0
10274,Ag,1.0
5917,Nd,3.0
5917,Cu,1.0
5918,Sm,3.0
5918,Cu,1.0
18740,Na,1.0
18740,Au,1.0
5919,Gd,3.0
5919,Cu,1.0
5920,Tb,3.0
5920,Cu,1.0
5921,Dy,3.0
5921,Cu,1.0
7716,U,5.0
5922,Ho,3.0
5922,Cu,1.0
6434,Ni,2.0
7717,U,5.0
4139,Hg,2.0
7464,Cs,1.0
7464,Na,1.0
4899,Ca,2.0
7730,Zr,2.0
7730,V,2.0
31104,Yb,3.0
28071,Na,1.0
28071,Zn,2.0
16193,Zr,4.0
16193,Cu,1.0
5926,Lu,3.0
5926,Cu,1.0
22339,Ir,4.0
16449,Nd,3.0
18246,Ca,2.0
18246,Zn,2.0
18246,Sn,2.0
5927,Y,3.0
5927,Cu,1.0
6183,V,2.0
16964,Na,1.0
16964,Be,2.0
30120,Eu,3.0
30120,Pt,-2.0
10808,Sr,2.0
10808,Au,-0.4
21067,Na,1.0
16200,Pr,3.0
16715,Li,1.0
8243,Cr,6.0
20217,Al,3.0
10284,Ba,2.0
10284,Cu,1.0
2355,Cr,3.0
16201,Nd,3.0
18765,Mg,2.0
18765,Cu,1.0
24216,Ba,2.0
16202,Sm,3.0
16203,Gd,3.0
30639,K,1.0
30639,Mg,2.0
5612,Pb,2.0
8234,Eu,2.0
8234,Au,1.0
19485,Zr,4.0
16194,Hf,4.0
16194,Cu,1.0
7726,Mg,2.0
7726,Cu,1.0
7463,Cs,1.0
7463,Na,1.0
10821,V,2.0
10821,Au,-1.0
8261,Np,6.0
7733,Th,4.0
7233,La,3.0
10054,Ir,4.0
8262,Np,5.0
13645,Ta,4.0
5397,Al,3.0
29601,Ti,3.0
29601,Cr,2.0
8516,La,2.0
8516,Ru,2.0
6056,U,6.0
8257,Mn,2.0
8257,V,3.0
7736,Ca,2.0
5184,Cu,1.0
18960,U,3.0
18007,Sr,2.0
18007,Pt,-0.4
11075,Gd,3.0
4670,Bi,3.0
4411,Sr,2.0
23997,Sr,2.0
10286,Yb,3.0
10286,Au,-1.0
10056,W,4.0
14145,Au,1.0
26042,Ba,2.0
18008,Ta,4.0
18008,Pt,-2.0
27328,Nd,3.0
27330,Ce,3.0
3143,Zr,2.0
7728,Mn,2.0
12886,Sc,3.0
12886,Au,1.0
16987,Ag,1.0
8277,Ta,5.0
5968,Ag,1.0
2635,Ba,2.0
2635,Mn,2.0
5322,Zr,4.0
18011,Tb,4.0
18011,Pt,-2.0
10319,U,5.0
13908,Na,1.0
16385,Ce,3.0
16385,Ir,3.5
27325,La,3.0
3402,Nb,5.0
28618,Tc,6.0
7249,K,1.0
22380,Li,1.0
21356,Li,1.0
21356,Fe,2.0
7767,Ba,2.0
7767,Mg,2.0
16192,Ti,4.0
16192,Cu,1.0
3392,Nb,4.0
2888,Ca,2.0
12899,Ce,3.0
15463,Cr,6.0
11997,La,2.0
17770,Nd,3.0
17770,Pt,-0.6
6229,K,1.0
6229,Na,1.0
10333,Nd,2.0
10333,Fe,2.0
19565,Pr,3.0
19565,Cr,4.5
19826,Ca,2.0
7778,U,5.0
22394,K,1.0
5325,Ti,4.0
3413,Ba,2.0
4959,U,4.0
13674,Zr,2.0
13674,Be,2.0
26330,Sr,2.0
26330,Li,1.0
2653,Eu,3.0
3934,Cu,1.0
13676,Cr,2.0
26331,Ba,2.0
26331,Li,1.0
4449,Re,6.0
21371,Os,-2.0
3936,Na,1.0
3936,Al,3.0
19577,Fe,2.0
19577,Sn,2.0
20347,La,3.0
20347,Cr,4.5
10862,Ba,2.0
10862,Pt,-0.4
2405,Lu,3.0
7532,Y,3.0
7532,Ni,2.5
7789,Al,3.0
7789,Cu,1.0
28114,Th,4.0
12837,Rb,1.0
12837,Au,1.0
12887,Lu,3.0
12887,Au,1.0
4951,U,6.0
5721,Ni,2.0
7790,Fe,2.0
5209,V,3.0
15478,Y,3.0
2921,Nb,2.0
8048,Os,6.0
29106,Ce,3.0
29106,In,1.0
29106,Pt,-1.0
8195,Nb,4.0
7961,Sn,4.0
5375,Eu,3.0
20276,Sr,2.0
2904,Y,3.0
18966,Hg,2.0
5140,Na,1.0
30910,Th,4.0
15998,Ni,2.0
27087,Mg,2.0
26341,Sr,2.0
26341,Cu,2.0
14194,Na,1.0
14194,Au,1.0
22387,Na,1.0
11362,Eu,3.0
11362,Pt,-2.0
29931,Dy,3.0
13689,Ho,3.0
30889,Np,4.0
22366,Mg,2.0
22366,Sn,2.0
7791,Ti,4.0
21381,Ti,3.0
7792,Zr,2.0
1641,Ca,2.0
7798,Fe,2.0
4482,Nb,4.0
22840,Ba,2.0
22840,Pd,2.0
14201,Rb,1.0
14201,Li,1.0
26865,Ba,2.0
26865,Au,1.0
27374,Sm,3.0
5340,Pd,2.0
7727,Mn,2.0
20655,Eu,2.0
20655,Fe,2.0
7592,Ca,2.0
7592,Mn,2.0
2671,Na,1.0
2671,Al,3.0
26960,Np,4.0
5980,Hg,2.0
17802,Ni,2.0
28142,Cu,1.0
28142,Sn,2.0
28142,Au,1.0
7800,Ni,1.5
5916,Pr,3.0
5916,Cu,1.0
30418,Gd,3.0
21897,Na,1.0
21897,Sn,2.0
2670,Na,1.0
2670,Al,3.0
14300,Bi,3.0
22563,Np,3.0
22365,Mg,2.0
30422,Gd,3.0
21138,Pd,4.0
4730,V,4.0
15757,V,4.0
21396,Ti,3.0
13704,U,6.0
1913,Ta,3.0
10115,Ho,3.0
4159,Li,1.0
4159,U,5.0
19234,Pr,3.0
19234,Rh,3.5
22141,Ce,4.0
11397,Rb,1.0
11398,Rb,1.0
2947,Fe,3.0
7564,K,1.0
7564,Mg,2.0
14224,Ce,3.0
26255,Gd,3.0
4225,Pd,2.0
10380,Yb,3.0
4998,U,6.0
4998,Cd,2.0
7562,Ba,2.0
7562,Ag,1.0
29186,Ce,4.0
10126,Pb,2.0
10126,Au,1.0
17567,La,3.0
17567,Os,-1.5
13973,Th,4.0
1670,K,1.0
1670,Al,3.0
4676,Ni,2.0
12162,Cu,1.0
12162,Ag,1.0
10119,Pb,2.0
10119,Au,-1.0
22429,Tc,1.5
4484,Nd,3.0
7566,Fe,3.0
7567,Cr,6.0
7568,Fe,3.0
21158,Li,1.0
21158,Fe,2.0
5774,Ca,2.0
5774,Al,3.0
7831,Ni,2.0
21163,Ir,4.0
24331,Ti,4.0
3972,Tb,4.0
4485,La,3.0
7561,Ba,2.0
7561,Cu,1.0
11414,Na,1.0
11414,Zn,2.0
21161,Os,6.0
5264,Ni,2.0
15779,Lu,3.0
10196,Cs,1.0
7207,Cs,1.0
7207,Cu,1.0
3719,Nb,5.0
21165,Pt,6.0
11419,Na,1.0
11419,Li,1.0
11420,Rb,1.0
11420,Na,1.0
21167,Au,5.0
14850,Cs,1.0
14850,Au,1.0
5528,Rh,4.0
12962,Mg,2.0
12962,Ni,2.0
18095,Ru,4.0
22451,Na,1.0
29724,Li,1.0
29724,Yb,3.0
29724,Cu,1.0
4515,In,3.0
19895,Ba,2.0
3914,Ag,2.0
20337,Rh,4.0
6294,Th,4.0
28694,Li,1.0
28694,Be,2.0
10659,Na,1.0
10659,Ag,1.0
3742,Mg,2.0
5536,Eu,3.0
16460,Hf,4.0
8264,Np,5.0
28119,Th,4.0
29942,Dy,3.0
29945,Dy,3.0
2971,Os,4.0
21440,Ti,2.0
4517,Hg,2.0
29723,Li,1.0
29723,Y,3.0
29723,Cu,1.0
17336,Gd,3.0
4514,In,3.0
5007,Li,1.0
5007,Mn,2.0
10057,Nb,4.0
12385,Cd,2.0
20092,Pr,3.0
20092,Pt,0.0
1697,Mg,2.0
22401,Rb,1.0
2972,Ru,4.0
15543,Hf,4.0
7598,Na,1.0
7598,Mg,2.0
17345,Zr,4.0
17345,Ti,4.0
10159,Ca,2.0
6570,Sr,2.0
21443,Mg,2.0
21443,Ti,2.0
4410,Ba,2.0
15951,Sr,2.0
30907,Pa,4.0
7797,Mn,2.0
5799,Pb,2.0
13491,Rb,1.0
13491,Au,1.0
6652,Th,4.0
19344,Mg,2.0
19344,Zn,2.0
4264,Pb,4.0
14591,K,1.0
18870,Mg,2.0
15804,Rb,1.0
15804,Mn,2.0
6946,Cd,2.0
30668,La,3.0
14106,La,3.0
14106,Ir,3.5
5323,Zr,4.0
30954,Pr,3.0
30954,Pt,-2.0
30710,Lu,3.0
12699,Hg,2.0
9969,Ca,2.0
9969,Au,-1.0
19777,Re,4.0
5008,Li,1.0
5008,Mn,2.0
29824,Ti,3.0
29824,Cu,1.0
12834,K,1.0
12834,Au,1.0
5923,Er,3.0
5923,Cu,1.0
13130,Rb,1.0
13130,Na,1.0
13130,Ni,1.0
23732,Ru,6.0
31216,Sm,2.0
31216,Fe,2.0
1714,Ca,2.0
22746,Ca,2.0
6568,Yb,2.0
11374,Na,1.0
11374,Cu,1.0
10101,K,1.0
10101,Hg,2.0
7546,Ba,2.0
5924,Tm,3.0
5924,Cu,1.0
18795,Ce,4.0
18795,Pt,-2.0
5010,Na,1.0
5010,Mn,2.0
18953,Eu,2.0
5009,Na,1.0
5009,Mn,2.0
21159,Li,1.0
21159,Fe,2.0
23731,Os,6.0
23223,Cs,1.0
23223,Li,1.0
17230,Fe,2.0
17230,Sn,2.0
16134,Be,2.0
5692,Bi,3.0
12718,U,6.0
5800,Hg,2.0
22542,Na,1.0
22542,Fe,2.5
21532,Ni,4.0
7735,Ta,5.0
7538,Hg,2.0
7879,Nb,3.0
28125,V,5.0
6659,Ca,2.0
17905,U,4.0
17905,Os,-2.0
30665,La,3.0
13992,Pt,4.0
24633,Ga,3.0
24633,Cu,1.0
5798,Pb,2.0
8174,Pu,6.0
5116,Ca,2.0
6077,Pu,3.0
14766,Sm,3.0
25623,K,1.0
2273,K,1.0
2273,Pd,2.0
20741,Sn,4.0
22468,Ta,3.5
5773,Pd,2.0
9964,Ba,2.0
9964,Zn,2.0
30708,Lu,3.0
5826,W,4.0
28566,Np,6.0
12719,Tl,1.0
12719,Ag,1.0
24065,Pr,3.0
4501,Mo,4.0
12646,Cr,3.0
30712,Lu,3.0
22467,Ta,3.0
28112,Th,4.0
18872,Mn,2.0
18872,Ni,2.0
12472,K,1.0
12472,Mg,2.0
14792,Li,1.0
14792,Fe,2.0
29605,Cs,1.0
29605,Mn,2.0
20078,Sn,4.0
14000,Tl,1.0
24400,K,1.0
24400,Be,2.0
2028,K,1.0
2028,Pd,2.0
26329,Sr,2.0
26329,Li,1.0
21108,Ca,2.0
21108,Fe,2.0
29604,Cs,1.0
29604,Mn,2.0
2198,Zn,2.0
15825,Ba,2.0
15825,Cu,1.0
6364,Li,1.0
6364,Mn,2.0
20548,Cs,1.0
20548,Mg,2.0
12261,K,1.0
12261,Hg,2.0
3751,Mg,2.0
31041,Yb,3.0
13390,Nb,3.0
13390,In,1.0
13811,Zr,2.0
13811,Ni,1.0
17721,U,5.0
7732,U,6.0
29875,Dy,3.0
29875,In,1.0
29875,Pt,-1.0
12888,Y,3.0
12888,Au,1.0
15803,K,1.0
15803,Mn,2.0
17574,La,3.0
17574,Pt,-0.6
22150,Pb,4.0
26866,Ba,2.0
26866,Au,1.0
26333,Ba,2.0
25026,Ba,2.0
6145,Sr,2.0
6145,Pu,6.0
5693,Bi,3.0
5232,Cr,3.0
7290,Zr,4.0
7290,Ti,4.0
6284,Ag,1.0
7776,Tl,1.0
7776,Ag,1.0
12701,Cu,1.0
21431,Sr,2.0
18463,Pu,4.0
18463,Mn,2.0
5781,Cu,1.0
5781,Ag,1.0
20406,Fe,2.0
20673,Mn,2.0
6322,Cr,2.0
27957,Al,3.0
27957,Zn,2.0
25141,K,1.0
25141,Zn,2.0
15823,Sr,2.0
15823,Cu,1.0
4544,Ni,2.0
4544,Pb,2.0
12493,K,1.0
4807,Al,3.0
4807,Hg,2.0
3019,Tl,1.0
7638,Mg,2.0
7638,Al,3.0
12258,Na,1.0
12258,Hg,2.0
18942,Ni,2.0
18942,Pb,2.0
6379,Sr,2.0
4809,Al,3.0
4809,Cd,2.0
29825,Ti,3.0
29825,Cu,1.0
5907,Rb,1.0
12325,Li,1.0
8488,In,2.6666666666666665
12259,K,1.0
12259,Zn,2.0
6380,Sr,2.0
12848,K,1.0
12848,Pd,2.0
24746,K,1.0
24746,Hg,2.0
16969,Ca,2.0
16969,Al,3.0
19070,U,6.0
10223,Li,1.0
10223,Nd,3.0
23635,Pb,2.0
2356,Sr,2.0
2356,Cu,2.0
3125,K,1.0
3125,Sn,2.0
11070,K,1.0
11070,Cu,1.25
31154,Ni,2.0
31154,Sn,2.0
19536,Cd,2.0
19536,In,3.0
16471,Li,1.0
16471,Zn,2.0
14937,Mg,2.0
14937,Al,3.0
16993,K,1.0
16993,Zn,2.0
16481,Cs,1.0
16481,Pd,2.0
28622,Ti,4.0
13152,Li,1.0
13152,Mg,2.0
28626,V,2.0
12652,Rb,1.0
12652,Mg,2.0
27875,Mg,2.0
27875,Al,3.0
21382,Ti,3.0
8263,Np,5.0
29722,Li,1.0
29722,Sm,3.0
29722,Cu,1.0
24399,K,1.0
24399,Be,2.0
1811,Ca,2.0
1811,Cu,2.0
12442,Ca,2.0
7320,Ca,2.0
21172,K,1.0
15805,Tl,1.0
15805,Pd,2.0
11332,Y,3.0
12986,Cu,1.0
12986,W,6.0
8415,Mn,2.0
4026,Ce,3.0
24767,Yb,2.0
26727,Tb,3.0
11415,K,1.0
11415,Cd,2.0
4814,Ga,3.0
4814,Hg,2.0
2953,Sn,2.25
7615,Gd,3.0
7615,Cu,2.0
6346,Sr,2.0
6346,Ru,4.0
12219,Ca,2.0
12219,Mn,2.0
12219,Sn,2.0
30409,Gd,3.0
30891,Pt,2.6666666666666665
18587,Mg,2.0
18587,Al,3.0
11931,Rb,1.0
11931,Ca,2.0
4273,Cs,1.0
4273,Cu,1.25
12560,Sr,2.0
12560,V,4.0
13891,Cu,1.0
6401,Cu,1.0
6401,Hg,2.0
7626,K,1.0
29665,Mg,2.0
29665,Cu,1.0
27796,Al,3.0
27796,Fe,2.0
14257,Ba,2.0
14257,Ni,1.0
29737,Nb,5.0
29737,Cu,1.0
4277,K,1.0
4277,Cu,1.25
3871,Bi,1.5
7060,Ti,3.0
12736,Sm,3.0
12736,Cu,2.0
5032,Ag,1.0
25899,Ru,3.0
28513,Mn,2.0
28513,Mo,2.0
14277,Ru,4.0
6838,In,1.0
18133,V,3.0
18133,Sn,2.0
5537,Eu,3.0
15072,V,2.6666666666666665
14079,Al,3.0
14079,Fe,2.0
27884,Mn,2.0
27884,Al,3.0
16582,Sr,2.0
12639,Na,1.0
12639,Ti,3.0
24390,Al,3.0
24390,Ag,1.0
13531,Cs,1.0
13531,Cu,1.25
8470,Ta,4.0
7472,Pt,2.6666666666666665
15300,Cu,1.0
6259,K,1.0
6259,Mg,2.0
14569,Ba,2.0
14569,Hf,4.0
6279,K,1.0
10222,Li,1.0
10222,Ce,3.0
28523,Mn,2.0
28523,W,2.0
5062,Ba,2.0
30471,Ni,2.0
7608,Sr,2.0
16072,Yb,3.0
16072,Bi,3.0
22258,Cr,3.0
22258,Ga,3.0
1745,In,2.0
4819,In,3.0
4819,Hg,2.0
23449,Ba,2.0
23449,Zn,2.0
12941,Rb,1.0
12941,Hg,2.0
29768,Rb,1.0
29768,Cu,1.25
11554,W,6.0
23741,Zn,2.0
23741,Mo,4.0
11186,Zr,4.0
11186,Cu,1.0
13288,Nb,5.0
13288,Cu,1.0
3762,Li,1.0
3762,Ca,2.0
6058,Sr,2.0
6058,U,6.0
17901,Pu,3.0
17901,Os,-1.5
21492,Zn,2.0
21492,Cd,2.0
5037,Ag,1.0
29146,Ce,3.0
29146,Os,-1.5
10434,Mg,2.0
10434,Al,3.0
10434,Cu,1.0
22477,Mg,2.0
19861,Li,1.0
19861,Pr,4.0
12487,Lu,3.0
12487,Fe,2.5
24772,Li,1.0
24772,Cr,2.0
5063,Ba,2.0
5064,Re,4.0
27212,Nb,5.0
27212,Tl,1.0
22257,Cr,3.0
22257,Ga,3.0
16085,Yb,3.0
16085,Bi,3.0
6340,Ba,2.0
6340,Ti,4.0
22269,Sr,2.0
22269,Cd,2.0
12942,Cs,1.0
12942,Hg,2.0
2702,Hg,2.0
4786,K,1.0
14018,Ti,3.0
22479,Mg,2.0
16080,Dy,3.0
16080,Bi,3.0
17992,Pu,4.0
17992,Pt,-2.0
20130,Ca,2.0
4321,Nb,2.5
4321,Cr,3.0
5244,Sr,2.0
5244,Sn,4.0
12075,Pr,3.0
12075,Cu,2.0
20434,Cu,2.0
10460,Al,3.0
10460,Fe,2.0
3859,Sr,2.0
3859,Ti,4.0
16071,Tm,3.0
16071,Bi,3.0
26707,Ba,2.0
26707,Ag,1.0
22677,Nd,3.0
22677,Al,3.0
27211,Tl,1.0
27211,V,5.0
27210,Nb,5.0
27210,Tl,1.0
21494,Zn,2.0
21494,Cd,2.0
22271,Sr,2.0
22271,Cd,2.0
20579,Al,3.0
3521,K,1.0
21537,Ni,4.0
10221,Li,1.0
10221,La,3.0
12326,Li,1.0
3986,Cs,1.0
3986,Li,1.0
3986,Mo,6.0
22071,K,1.0
22071,Cu,2.0
5792,Cu,1.0
5792,Hg,2.0
17346,Tl,1.0
31061,Ti,2.0
7125,Al,3.0
16073,Lu,3.0
16073,Bi,3.0
3046,Al,3.0
15295,Nd,3.0
15295,Zn,2.0
2098,K,1.0
2098,Sn,2.0
16084,Tm,3.0
16084,Bi,3.0
16086,Lu,3.0
16086,Bi,3.0
16094,Dy,3.0
16094,Bi,3.0
26558,Ce,4.0
26558,Au,-1.0
19563,Sr,2.0
19563,Mo,4.0
27889,Mn,2.0
27889,Al,3.0
16066,Tb,3.0
16066,Bi,3.0
4787,Rb,1.0
7092,Ni,2.0
16601,La,3.0
16601,Cu,1.0
5598,Al,3.0
5598,Ag,1.0
14315,Ce,3.0
14315,Ag,1.0
14461,Zn,2.0
22991,Na,1.0
22991,Zn,2.0
12218,Ca,2.0
12218,Mn,2.0
16078,Gd,3.0
16078,Bi,3.0
18901,Rh,4.0
5587,Al,3.0
5587,Cu,1.0
13803,Nb,2.0
14019,Zr,3.0
19523,Cu,1.0
19410,Pu,3.0
19463,Al,3.0
19463,Cu,1.0
16098,Yb,3.0
16098,Bi,3.0
2827,Nb,2.5
2827,Cr,3.0
13802,Mn,3.0
14804,Nd,3.0
2218,Fe,3.0
2218,Cu,1.0
5845,Mn,2.0
24892,Sr,2.0
7624,Cs,1.0
7624,Ga,3.0
26696,Nd,3.0
26696,Zn,2.0
5590,Ga,3.0
5590,Cu,1.0
22267,Cr,2.0
22267,Cd,2.0
13643,Zr,2.3333333333333335
4997,U,6.0
4997,Cd,2.0
4813,Al,3.0
4813,Hg,2.0
16083,Er,3.0
16083,Bi,3.0
22255,Zn,2.0
22255,Cd,2.0
5599,Al,3.0
5599,Ag,1.0
29794,V,5.0
29794,Cu,1.0
5836,Sn,2.0
15053,K,1.0
15053,Au,3.0
17932,V,3.0
17932,Pb,2.0
16096,Ho,3.0
16096,Bi,3.0
4081,Ru,3.0
22469,Ta,5.0
15258,Eu,2.0
2271,Ag,1.0
2271,Sn,2.0
7664,W,3.0
12441,Ca,2.0
30499,Ti,3.0
1724,Ni,2.0
1724,Sn,2.0
15461,Ba,2.0
15461,Be,2.0
28113,Tl,1.0
18948,Pb,2.0
30914,Pa,5.0
2990,Li,1.0
2990,Mn,3.0
16069,Ho,3.0
16069,Bi,3.0
16082,Ho,3.0
16082,Bi,3.0
3526,Rh,3.0
11780,Li,1.0
16334,Ho,3.0
16334,Cu,1.0
30886,Np,5.0
16079,Tb,3.0
16079,Bi,3.0
5831,In,2.0
4296,Fe,2.0
3528,Ir,3.0
16093,Tb,3.0
16093,Bi,3.0
27342,Ga,3.0
27342,Fe,2.0
14258,Dy,3.0
12238,Na,1.0
27283,Ti,2.6666666666666665
8007,Re,4.0
18851,Mg,2.0
28984,Cd,2.0
28984,Cu,1.0
28984,Sn,4.0
5846,Fe,3.0
5604,In,3.0
5604,Ag,1.0
18697,Zr,3.0
8184,Ti,3.0
12828,Mn,2.0
25156,Eu,2.0
7634,Mn,2.0
7634,Ni,2.0
23211,Cs,1.0
23211,Li,1.0
6057,U,6.0
25785,Cs,1.0
25785,Cu,1.0
12260,Na,1.0
12260,Cd,2.0
14873,Cs,1.0
14873,Ca,2.0
2366,Yb,2.0
2366,Fe,3.0
3812,K,1.0
3812,U,6.0
19224,Ni,2.0
19224,Sn,2.0
19224,Au,1.0
22709,V,4.0
22709,Mo,2.0
12364,Er,3.0
12364,Fe,2.5
7589,V,2.6666666666666665
4806,Al,3.0
4806,Cd,2.0
4808,Al,3.0
4808,Zn,2.0
12270,Na,1.0
24433,K,1.0
24433,Cd,2.0
5791,Ag,1.0
5791,Hg,2.0
14803,Pr,3.0
4230,K,1.0
4230,Mn,2.0
14707,Pr,3.0
14707,Ni,2.0
6372,K,1.0
6372,Pd,2.0
6086,K,1.0
6086,Cu,2.0
14256,Ba,2.0
14256,Ni,1.0
23086,Y,3.0
17024,Ga,3.0
17024,Fe,2.0
2130,Cd,2.0
2130,Ga,3.0
3786,Ti,3.0
8077,Ti,2.6666666666666665
5245,Ba,2.0
5245,Sn,4.0
24723,Ba,2.0
12728,Nd,3.0
12728,Ni,2.0
26327,Yb,3.0
13744,Nb,2.25
10357,Ca,2.0
10357,Ag,1.0
4742,Bi,5.0
4811,Al,3.0
4811,Zn,2.0
4822,In,3.0
4822,Hg,2.0
15744,Eu,2.0
4588,Mo,4.5
4368,In,3.0
7223,La,3.0
7223,Pd,2.0
4257,Mn,2.0
4257,Sn,4.0
7156,Ba,2.0
7156,Zr,4.0
14617,La,3.0
14617,Cu,2.0
3490,Cs,1.0
3490,Cd,2.0
15824,Eu,2.0
15824,Cu,1.0
4793,Ag,1.0
4793,Hg,2.0
18735,Ta,5.0
16806,Cu,1.0
16806,W,6.0
28803,Tm,3.0
28803,Cr,3.0
3410,Ca,2.0
21538,Ni,4.0
3454,Y,3.0
3454,U,5.0
30246,Ti,3.0
30246,Fe,2.0
6196,Ca,2.0
6196,Cu,1.0
5243,Ba,2.0
5243,Pb,4.0
15776,Ca,2.0
3554,Cr,2.6666666666666665
3617,Cr,3.0
3617,Ni,2.0
7537,Cs,1.0
7537,Cr,2.0
28755,Bi,3.0
28755,Pb,2.0
15773,Ca,2.0
10248,Rh,3.0
6649,Th,4.0
4821,Cd,2.0
4821,In,3.0
3375,Cs,1.0
3375,Ag,2.0
18023,U,4.0
18023,Pt,-2.0
14221,Al,3.0
23144,Sr,2.0
23144,Cr,4.0
10785,Mn,2.5
10785,Au,-1.0
8483,Zn,2.0
8483,In,3.0
7816,Ti,3.0
7816,Fe,2.0
6623,V,2.5
6623,Fe,3.0
6006,Ni,2.0
22048,K,1.0
5620,Tb,3.0
19160,Er,3.0
26457,Sm,3.0
26457,Mo,3.0
28101,U,6.0
30999,Pu,4.0
4490,V,3.0
4490,Ni,2.0
2131,Cd,2.0
2131,Ga,3.0
4815,Ga,3.0
4815,Hg,2.0
4820,Zn,2.0
4820,In,3.0
29559,Mn,2.0
29559,Cr,3.0
29558,Mn,2.0
29558,Cr,3.0
29597,Cr,2.6666666666666665
6082,Np,6.0
6513,V,3.0
6513,Ni,2.0
12677,Ba,2.0
12677,Zr,4.0
5887,Mo,4.0
26325,Ho,3.0
16393,Dy,3.0
16393,Ag,1.0
1609,Na,1.0
27449,Cs,1.0
27449,Dy,3.0
11253,Cs,1.0
11253,Yb,3.0
16092,Gd,3.0
16092,Bi,3.0
4617,Sn,2.0
5837,Bi,3.0
29598,Ti,4.0
29598,Cr,2.0
11261,K,1.0
2258,Pt,-2.0
16074,Pr,3.0
16074,Bi,3.0
1831,Ga,2.0
14305,Tm,3.0
14305,Fe,3.0
15817,Er,3.0
15817,Bi,3.0
6573,Tm,3.0
15294,La,3.0
15294,Zn,2.0
6841,Cs,1.0
6841,Ag,1.0
2292,Fe,3.0
2292,Ag,1.0
3571,Ti,3.0
29820,V,5.0
29820,Cu,1.0
1663,Na,1.0
1663,Mg,2.0
1663,Sn,2.0
1653,Ca,2.0
26695,La,3.0
26695,Zn,2.0
16099,Lu,3.0
16099,Bi,3.0
19730,Tb,3.0
19730,Cu,1.0
1799,Rh,3.0
1616,Ga,2.0
4602,Ti,3.0
19652,Ni,1.0
20732,Y,3.0
20732,Zn,2.0
5883,Ni,4.0
1798,Ru,3.0
29792,Zn,2.0
29792,Cu,1.0
29792,Sn,4.0
3058,Ba,2.0
3058,Ni,2.0
24435,K,1.0
24435,Au,1.0
11524,Na,1.0
11524,Tb,3.0
22478,Mg,2.0
5589,Al,3.0
5589,Cu,1.0
4874,Ti,3.0
16338,Hf,4.0
16338,V,2.0
5596,Tl,3.0
5596,Cu,1.0
27454,Cs,1.0
27454,Tm,3.0
4587,W,3.0
7914,Ti,3.0
3559,Cd,2.0
3559,Sn,4.0
15647,Ce,3.0
15647,Cd,2.0
14278,Rh,4.0
16844,Pr,3.0
16844,Ru,5.0
3721,Be,2.0
16081,Y,3.0
16081,Bi,3.0
2495,K,1.0
16063,Sm,3.0
16063,Bi,3.0
5600,Al,3.0
5600,Ag,1.0
18915,Cu,1.0
18915,Pt,-0.14285714285714285
29781,Cu,1.0
3600,Cr,2.0
1920,V,5.0
1920,Cu,1.0
7865,Ce,4.0
7865,Ni,4.0
6338,Sn,3.0
8424,Cu,1.0
4805,Zr,4.0
14071,Rb,1.0
20731,La,3.0
20731,Zn,2.0
19731,Ho,3.0
19731,Cu,1.0
24840,Rh,3.0
3896,Bi,2.6666666666666665
21765,Ba,2.0
21765,Zn,2.0
4120,Mg,2.0
6014,Al,3.0
6014,Cu,1.0
2513,Eu,2.0
2513,V,4.0
13552,Rb,1.0
13552,In,3.0
16397,Y,3.0
16397,Cu,1.0
8017,Rh,4.0
5152,Li,1.0
19729,Gd,3.0
19729,Cu,1.0
4816,Cd,2.0
4816,Ga,3.0
6195,Tl,1.0
6195,Cu,1.25
3926,Na,1.0
3926,U,6.0
27455,Cs,1.0
27455,Lu,3.0
19732,Y,3.0
19732,Cu,1.0
4182,V,3.0
16077,Eu,3.0
16077,Bi,3.0
16097,Tm,3.0
16097,Bi,3.0
18698,Ti,3.0
18698,Cu,1.0
5156,Na,1.0
3181,Os,4.0
4377,Ba,2.0
5158,Na,1.0
6426,Li,1.0
5712,V,3.5
4251,Na,1.0
4251,Au,1.0
26699,Sm,3.0
26699,Mn,2.0
4353,Ti,3.0
8514,Na,1.0
24146,K,1.0
24146,Eu,3.0
24146,Cu,2.0
23081,Ca,2.0
23081,Zn,2.0
3387,Sn,2.0
17164,Cu,1.0
17164,Sn,2.0
26697,La,3.0
26697,Mn,2.0
3602,Cr,4.0
4378,Sr,2.0
16065,Gd,3.0
16065,Bi,3.0
3603,Mn,4.0
28227,Tm,3.0
28227,Au,-1.0
19217,Zn,2.0
19217,Mo,4.0
28224,Tb,3.0
28224,Au,-1.0
5153,Li,1.0
4084,Ru,3.0
29599,V,2.0
29599,Cr,3.0
16339,Zr,2.0
16339,Ti,4.0
11283,In,1.0
11283,Ga,3.0
5505,Rb,1.0
5505,Al,3.0
8283,V,3.0
23249,Pt,1.3333333333333333
5594,In,3.0
5594,Cu,1.0
1855,Na,1.0
1855,Cu,1.0
10603,Al,3.0
10603,V,3.0
5157,Na,1.0
13532,K,1.0
6697,Fe,2.0
5043,Th,4.0
7788,Cu,1.0
3656,Sn,2.0
4119,Cd,2.0
4115,Zn,2.0
5504,Cs,1.0
5504,Al,3.0
8245,Na,1.0
28231,Y,3.0
28231,Au,-1.0
4118,Cd,2.0
3486,Ta,5.0
3486,Tl,1.0
8074,Na,1.0
6142,Rb,1.0
6142,Sc,3.0
6304,Li,1.0
6304,Tl,3.0
4777,K,1.0
3369,Tl,1.0
3369,In,3.0
6158,K,1.0
6158,Cu,1.0
8237,V,3.5
27452,Cs,1.0
27452,Ho,3.0
8250,Li,1.0
8250,Cu,1.0
13030,Sc,3.0
13030,Ru,5.0
2950,Fe,3.0
1762,Rb,1.0
1762,Mn,2.0
1781,Ba,2.0
1781,Co,4.0
6159,K,1.0
6159,Ag,1.0
11907,Na,1.0
1792,K,1.0
1792,Nb,5.0
1796,Na,1.0
1796,Ta,5.0
2317,Cu,1.0
4960,Li,1.0
4960,Nb,3.0
10820,V,3.0
10820,Au,1.0
18134,V,3.0
18134,Sn,2.0
4479,Zr,3.0
14220,K,1.0
14220,Li,1.0
19191,Ca,2.0
14198,Y,3.0
11523,Na,1.0
11523,Pr,3.0
21715,Ba,2.0
21715,Ag,1.0
21715,Sn,4.0
8073,Na,1.0
11534,Zn,2.0
11534,Cu,1.0
8289,Mg,2.0
8102,Ti,4.0
7349,Rb,1.0
7349,Fe,3.0
8510,Na,1.0
8510,Al,3.0
11413,K,1.0
11413,Cu,1.0
4224,Zr,3.0
8291,Be,2.0
3043,Ni,2.0
3043,Rh,3.0
4971,Tl,1.0
4971,Ag,1.0
29584,V,2.5
29584,Cr,3.0
24491,Sm,3.0
24491,Cr,3.0
4359,Tb,4.0
5711,Na,1.0
5711,Nb,3.0
2117,Cr,3.0
19666,Mn,2.0
19666,Ga,3.0
1928,Cs,1.0
1928,Bi,3.0
8292,Be,2.0
27493,Pr,4.0
27493,Rh,4.0
1942,Na,1.0
1942,Fe,3.0
1942,Ni,2.0
8020,Fe,3.0
1945,Sr,2.0
1945,Zr,4.0
4978,Yb,3.0
4114,Cd,2.0
4114,Sn,4.0
2624,Na,1.0
2624,Ag,1.0
6641,Zr,4.0
6641,Fe,2.0
4231,Mo,3.5
1964,U,6.0
4393,Ga,3.0
4393,Ag,1.0
30845,Ni,1.0
3371,Cu,1.0
6708,Rb,1.0
6708,Li,1.0
7935,Pr,4.0
12526,Li,1.0
12526,Fe,2.0
8248,K,1.0
8248,Cu,1.0
16095,Y,3.0
16095,Bi,3.0
13029,Sc,3.0
13029,Fe,3.0
14495,Ta,5.0
14495,Cu,1.0
16450,Al,3.0
16450,Au,1.0
10598,Ti,3.0
10598,Al,3.0
7852,Zn,2.0
7852,Sn,4.0
3876,W,4.5
2013,K,1.0
2013,V,4.666666666666667
29807,Zn,2.0
29807,Cu,1.0
29807,Sn,4.0
7964,Nb,3.5
18103,Ti,3.0
16087,La,3.0
16087,Bi,3.0
11666,Cu,2.0
11666,Au,3.0
2854,Hg,2.0
8351,Zn,2.0
13997,Re,6.0
17716,Sn,2.0
17716,Mo,4.0
7674,Zr,2.0
18825,Ta,5.0
18825,Cu,1.0
6004,Li,1.0
6004,Sc,3.0
16090,Sm,3.0
16090,Bi,3.0
15293,Nd,3.0
15293,Zn,2.0
16088,Pr,3.0
16088,Bi,3.0
6339,Ba,2.0
6339,Sn,4.0
18104,V,3.0
16046,Na,1.0
16046,Li,1.0
28234,Zr,3.0
28234,Au,-1.0
5765,Sr,2.0
5765,Ni,4.0
2095,K,1.0
2095,Na,1.0
2095,V,5.0
3132,La,3.0
3132,Ag,1.0
8512,K,1.0
8512,Al,3.0
4363,Cr,3.0
6166,K,1.0
6166,Cu,1.0
29769,Rb,1.0
29769,Cu,1.25
16451,Ga,3.0
16451,Cu,1.0
4153,Gd,3.0
13067,Pu,3.0
13067,Au,2.5
2154,Ba,2.0
2154,Ti,4.0
7760,V,3.0
22781,Re,6.0
3174,Ba,2.0
3174,Li,1.0
8513,Na,1.0
8513,Al,3.0
5231,Yb,3.0
5231,Ag,1.0
16452,Ga,3.0
16452,Ag,1.0
15413,Ba,2.0
17690,Mn,2.0
17690,Sn,2.0
7965,Nb,3.0
8060,Zn,2.0
8060,Sn,4.0
4369,Ba,2.0
7707,Sr,2.0
7707,Rh,4.0
15979,Gd,3.0
15979,Cu,1.0
4738,Rb,1.0
21145,Al,3.0
23368,Ce,3.0
23368,Al,3.0
4961,Na,1.0
4961,Nb,3.0
3664,Mg,2.0
2251,U,5.0
2251,Co,2.0
4113,Zn,2.0
4113,Sn,4.0
1883,Rb,1.0
1883,Sc,3.0
20991,Li,1.0
20991,Mo,3.0
17555,Al,3.0
17555,Au,1.0
7912,V,3.0
21086,Sr,2.0
14031,Zr,3.0
14184,Li,1.0
23367,La,3.0
23367,Al,3.0
21320,Ca,2.0
21320,Zn,2.0
16453,Ga,3.0
16453,Au,1.0
19273,Cs,1.0
19273,Ag,1.0
12463,Zn,2.0
15149,Li,1.0
14511,Gd,3.0
14511,Cu,1.0
21144,Al,3.0
20907,Sn,4.0
20907,Hg,2.0
11834,Ba,2.0
11834,Pd,2.0
5902,Rb,1.0
5902,Li,1.0
10825,Yb,3.0
10825,Au,-1.0
22180,Ba,2.0
22180,Sr,2.0
4963,Na,1.0
4963,Nb,3.0
23370,Nd,3.0
23370,Al,3.0
7673,Ti,2.0
23369,Pr,3.0
23369,Al,3.0
15290,Sr,2.0
15290,Ti,4.0
24032,Cs,1.0
24032,Cd,2.0
2399,Ba,2.0
2399,Rh,4.0
7588,V,2.0
22025,Na,1.0
22025,Bi,3.0
22183,Ba,2.0
22183,Ca,2.0
5161,K,1.0
3857,Zr,3.0
24033,Cs,1.0
24033,Zn,2.0
14775,Cr,3.0
14775,Cu,1.0
21088,Sr,2.0
21369,Os,-2.0
24042,Rb,1.0
24042,Zn,2.0
16176,Ce,3.0
16176,Ag,1.0
22177,Sr,2.0
22177,Ca,2.0
18823,Nb,5.0
18823,Cu,1.0
20026,Cu,1.0
15953,Cd,2.0
22181,Ba,2.0
22181,Ca,2.0
14486,Ce,3.0
14486,Ru,2.0
24893,Sr,2.0
4217,Nd,3.0
2811,K,1.0
2811,Cu,1.0
22175,Sr,2.0
22175,Ca,2.0
10739,Ho,3.0
10739,Au,-1.0
13649,U,4.0
16527,V,5.0
16527,Au,-1.0
2636,Ba,2.0
2636,Ag,1.0
3367,Tl,1.0
3367,Ga,3.0
15503,Fe,3.0
6642,Zr,4.0
6642,Cr,2.0
5857,Fe,3.0
19274,Cs,1.0
19274,Ag,1.0
2714,Ba,2.0
2714,Cr,4.0
8511,Na,1.0
8511,Ga,3.0
6288,Fe,2.0
2257,Pt,4.0
26757,Sc,3.0
26757,Al,3.0
11251,Hg,2.0
24034,Cs,1.0
24034,Zn,2.0
22942,Li,1.0
22942,Cu,1.0
11482,Tb,3.0
25488,Na,1.0
10267,U,4.0
10267,Pd,2.0
24037,K,1.0
24037,Zn,2.0
12160,Fe,3.0
12160,Cu,1.0
14512,Dy,3.0
14512,Cu,1.0
7996,Mo,3.0
10518,Al,3.0
10518,Ni,2.0
7966,Nb,3.5
18253,Ce,3.0
18253,Cu,1.0
7323,Li,1.0
7323,In,3.0
24820,Ba,2.0
24820,Pd,4.0
11826,Tb,3.0
16421,Li,1.0
16421,Er,3.0
7821,Rh,3.0
6421,La,3.0
20214,Eu,3.0
20214,Cu,1.0
20342,Zn,2.0
20342,Ga,3.0
16972,Al,3.0
16972,Tl,1.0
7285,Cs,1.0
7285,Ag,1.0
24522,Eu,2.0
5254,Ag,1.0
19342,Zn,2.0
19342,Cu,1.0
19342,Au,1.0
24036,K,1.0
24036,Cd,2.0
25632,Tm,3.0
25632,Cu,1.0
13113,K,1.0
12670,U,4.0
28527,Mo,3.0
25553,Ho,3.0
25553,Cu,1.0
4739,Cs,1.0
3722,Ag,1.0
16275,Cu,3.0
16275,Ag,1.0
13630,Fe,3.0
13630,W,3.0
24745,K,1.0
24745,Ag,1.0
23154,Ba,2.0
23154,Cu,1.0
16559,Nd,3.0
16559,Cu,1.0
11818,Cu,1.0
2982,K,1.0
2982,Cu,3.0
24821,Ba,2.0
24821,Pd,2.0
24039,Na,1.0
24039,Zn,2.0
18278,Ce,4.0
27054,Ba,2.0
27054,Cd,2.0
19372,Ti,3.0
19372,Sn,2.0
15235,Ce,3.0
15235,Zn,2.0
12135,Nd,3.0
12135,Ru,5.0
18032,Yb,2.0
18032,Pt,-2.0
20569,Cu,1.0
20569,Sn,2.0
16458,Y,3.0
16458,Ag,1.0
8053,Ga,2.0
20782,Li,1.0
20782,Ti,3.0
5230,Yb,3.0
5230,Ag,1.0
22501,Ce,3.0
22501,Ni,2.0
13332,Ca,2.0
30767,Ni,2.0
30767,Mo,4.0
27139,Ti,3.0
2000,Ag,1.0
25631,Er,3.0
25631,Cu,1.0
18265,Ce,4.0
18265,Mn,4.0
5591,Ga,3.0
5591,Cu,1.0
4964,K,1.0
4964,Nb,3.0
7557,Cs,1.0
25630,Dy,3.0
25630,Cu,1.0
24038,Na,1.0
24038,Cd,2.0
29711,K,1.0
29711,Cu,1.25
22463,Th,4.0
22463,Cu,1.0
4611,Re,3.0
4083,Ru,3.0
7348,K,1.0
7348,Fe,3.0
29793,Tl,1.0
29793,Cu,1.25
15927,Fe,3.0
15927,Cu,1.5
15927,Sn,2.0
24040,Rb,1.0
24040,Cd,2.0
4064,Na,1.0
4064,Gd,3.0
25629,Tb,4.0
25629,Cu,2.0
4082,Ru,3.0
26799,Ga,3.0
24035,K,1.0
24035,Cd,2.0
25628,Y,3.0
25628,Cu,1.0
30204,Ti,3.0
30204,Fe,2.0
7676,Hf,4.0
5154,Li,1.0
15464,Ti,3.0
15464,Sn,2.0
26627,Li,1.0
16455,Sc,3.0
16455,Au,1.0
27674,Al,3.0
27674,V,3.0
3829,V,3.0
28887,Mo,4.0
2348,Pt,4.0
2348,Pb,2.0
29655,Cu,1.0
16177,Nd,3.0
16177,Ag,1.0
28799,Lu,3.0
28799,Cr,3.0
7814,Ni,2.6666666666666665
2983,Rb,1.0
2983,Cu,3.0
5658,Pu,3.0
25259,Cs,1.0
25259,Ag,1.0
5592,Ga,3.0
5592,Cu,1.0
2954,Pd,4.0
29657,Cu,1.0
29657,Hg,2.0
14680,Fe,3.0
14680,W,3.0
23261,Ca,2.0
23261,Fe,2.0
5982,Li,1.0
5982,Fe,3.0
10507,Al,3.0
10507,Mo,4.0
5421,W,6.0
28321,Cr,3.0
26869,Sc,2.0
26869,Pt,1.0
6005,Na,1.0
6005,Nd,3.0
11011,Ca,2.0
11011,Zn,2.0
16076,Sm,3.0
16076,Bi,3.0
3404,Au,5.0
19641,Cu,1.0
19641,Hg,2.0
27491,Cs,1.0
27491,Yb,3.0
24495,Pr,3.0
24495,Zn,2.0
7627,Ba,2.0
7627,Ag,1.0
7627,Sn,4.0
11096,Cs,1.0
7780,Mn,2.0
7780,Cu,1.0
7780,Sn,4.0
25521,K,1.0
25521,Cu,1.0
16454,Sc,3.0
16454,Ag,1.0
24193,Sm,3.0
24193,Ga,3.0
17810,Ni,2.0
17810,Sn,2.0
2345,K,1.0
2345,Mn,2.0
28797,Er,3.0
28797,Cr,3.0
29548,Cr,2.0
29548,Ga,3.0
28802,Tb,3.0
28802,Cr,3.0
26546,Sc,3.0
26546,Tl,1.0
4075,Cr,3.0
7531,Y,3.0
26798,Rb,1.0
26798,Y,3.0
24044,Sc,2.0
4121,Zn,2.0
7650,Ca,2.0
5480,Rh,3.0
28833,Sc,3.0
28833,Fe,3.0
16128,Pr,3.0
16128,Cu,1.0
10800,Sm,3.0
10800,Au,-1.0
19881,Dy,3.0
19881,Ag,1.0
31139,Al,3.0
31139,Cr,3.0
16050,Na,1.0
16050,Li,1.0
18841,Fe,2.0
18841,Sn,2.0
7982,Fe,2.0
14516,Sc,3.0
14516,Cr,3.0
16459,Y,3.0
16459,Au,1.0
25957,Nb,3.0
25957,Cu,1.0
2411,Ba,2.0
2411,Cr,4.0
5661,Ti,3.0
6188,Cu,1.0
6039,Ce,3.0
25098,K,1.0
25098,Ag,1.0
14502,Gd,3.0
14502,Ru,5.0
10779,Mg,2.0
10779,Au,1.0
19841,La,3.0
19841,Cu,1.0
26803,K,1.0
26803,Ag,1.0
21156,Fe,2.0
3182,Ir,4.0
29683,Cu,1.0
29683,Sn,4.0
29683,Hg,2.0
8207,Ag,2.0
8081,Ir,4.0
3215,Li,1.0
3215,Mn,3.0
11552,Ca,2.0
5603,In,3.0
5603,Ag,1.0
12650,Na,1.0
3351,Sr,2.0
3351,Cu,2.0
27644,Tm,3.0
27644,Ag,1.0
3216,Na,1.0
3216,Mn,3.0
29684,Cu,1.0
29684,Sn,4.0
29684,Hg,2.0
15412,Eu,3.0
10116,K,1.0
14180,Ce,3.0
14180,Cr,3.0
17812,Ni,2.0
17812,Sn,2.0
28184,Lu,3.0
28184,Au,-1.0
2480,Co,2.0
3137,K,1.0
3137,Fe,3.0
22178,Ba,2.0
22178,Sr,2.0
4923,Ir,4.0
19088,Mg,2.0
19088,Pt,-2.0
13331,Cu,1.0
13331,Bi,3.0
21318,Ca,2.0
21318,Zn,2.0
29670,Zn,2.0
29670,Cu,1.0
21304,Mo,3.0
19880,Tb,3.0
19880,Ag,1.0
31360,Ga,2.0
2498,Co,2.6666666666666665
29746,Ti,3.0
29746,Cu,1.0
29746,Ni,2.0
6040,Pr,3.0
20551,Fe,3.0
20551,Bi,3.0
25356,Rb,1.0
2974,In,3.0
13450,Ba,2.0
13450,Zr,4.0
4434,Ag,1.0
6715,Tl,1.0
24041,Rb,1.0
24041,Zn,2.0
16787,Li,1.0
16787,U,5.0
6265,Au,-1.0
2212,Sm,3.0
28123,Ti,3.0
14349,U,4.0
14349,Cu,1.0
2156,K,1.0
21430,Li,1.0
7167,Ti,3.0
14557,Mo,6.0
2553,Nb,5.0
2553,Cd,2.0
28982,Cd,2.0
28982,Cu,1.0
25554,Yb,3.0
25554,Cu,1.0
22579,Au,1.0
6429,Tl,1.0
11367,Sc,3.0
11367,Cu,1.0
2883,Ir,3.0
2559,Pb,2.6666666666666665
28177,In,3.0
28177,Au,-1.0
12842,Pr,4.0
12842,Ni,4.0
4962,K,1.0
4962,Nb,3.0
7677,Zr,4.0
26555,Gd,3.0
26555,Zn,2.0
14934,Rb,1.0
25429,Sr,2.0
28621,Ti,3.0
7749,Cr,2.0
3569,Zr,4.0
3892,Ti,4.0
2579,Co,2.0
6036,Ac,3.0
29639,Fe,3.0
29639,Cu,1.5
29639,Sn,2.0
3368,Tl,1.0
3368,In,3.0
19007,Li,1.0
19007,U,5.0
20072,U,6.0
20072,Au,-1.0
11038,Li,1.0
11038,In,3.0
26522,Tb,3.0
28900,Sc,3.0
28900,Ni,2.0
25355,K,1.0
27404,Ce,4.0
27404,Rh,4.0
14233,Rb,1.0
14233,Au,-1.0
14751,K,1.0
14751,Al,3.0
28146,Dy,3.0
28146,Au,-1.0
29640,Fe,2.0
29640,Cu,1.0
5595,In,3.0
5595,Cu,1.0
26801,Gd,3.0
26801,In,1.0
26801,Pt,-2.0
7196,Dy,3.0
25522,Rb,1.0
25522,Cu,1.0
3082,Pb,2.0
6614,Y,3.0
6614,Cu,1.0
28163,Gd,3.0
28163,Au,-1.0
30876,V,3.0
30876,Ni,2.0
26671,Fe,2.0
6403,Li,1.0
6403,Yb,3.0
4116,Cd,2.0
19036,Ru,3.0
16456,In,3.0
16456,Ag,1.0
29876,Dy,3.0
29876,In,1.0
29876,Pt,-2.0
6571,Ba,2.0
6571,Ni,4.0
23460,Li,1.0
24271,Li,1.0
24271,Pb,2.0
4122,Ga,3.0
10121,Fe,3.0
10121,Ag,1.0
17001,Nb,2.0
17001,Sn,2.0
12720,Ga,2.0
26820,Sc,3.0
26820,Os,-1.0
16091,Eu,3.0
16091,Bi,3.0
14935,Cs,1.0
5597,Tl,3.0
5597,Cu,1.0
22188,Cu,1.0
21133,In,3.0
3657,Ni,1.3333333333333333
25600,Ca,2.0
25600,Ni,1.0
20134,Be,2.0
20134,Zn,2.0
4480,Zr,3.0
11292,K,1.0
29731,Mn,2.0
29731,Cu,1.0
29731,Sn,4.0
31150,Tl,1.0
31150,In,3.0
27405,Ce,3.0
27405,Ir,5.0
3269,In,2.0
25810,Ga,3.0
16485,Sr,2.0
16485,Au,-1.0
3403,Au,5.0
15912,Na,1.0
3171,Zn,2.0
3171,In,3.0
30749,Pr,4.0
30749,Mn,4.0
16061,Pr,3.0
16061,Bi,3.0
5602,Ga,3.0
5602,Ag,1.0
24909,Rb,1.0
18269,Ce,3.0
18269,Pt,5.0
21933,Sr,2.0
21933,Cu,1.0
27237,Tl,1.0
27237,In,3.0
5655,Al,3.0
5655,Tl,1.0
27605,Dy,3.0
27605,Ag,1.0
26706,Eu,2.0
26706,Cu,1.0
16182,Nd,3.0
16182,Pd,2.0
25112,Gd,3.0
25112,Mo,3.0
3487,Tl,1.0
3487,V,5.0
2962,Fe,2.6666666666666665
17290,Ga,2.0
17290,Pt,-1.2
20692,Sm,3.0
20692,Fe,2.0
6035,Pr,3.0
12870,La,3.0
12870,Ru,5.0
16973,Tl,1.0
16973,Ga,3.0
16075,Nd,3.0
16075,Bi,3.0
8350,Cd,2.0
8350,Sn,4.0
4476,Tb,3.0
16051,Na,1.0
16051,Li,1.0
16404,La,3.0
16404,Ag,1.0
30979,Sm,2.0
30979,Pt,-2.0
28620,Tc,-1.0
6487,Fe,2.0
5601,Ga,3.0
5601,Ag,1.0
14870,Sm,3.0
7981,Cr,3.0
7981,Fe,2.0
28796,Dy,3.0
28796,Cr,3.0
3963,Bi,3.0
24272,Li,1.0
24272,Eu,2.0
27635,Tb,3.0
27635,Ag,1.0
6038,La,3.0
26556,Sm,3.0
26556,Zn,2.0
2332,Y,3.0
25393,Ba,2.0
25393,Ag,1.0
26256,Ce,3.0
26256,Zn,2.0
1866,Eu,2.0
30118,Eu,2.0
5605,In,3.0
5605,Ag,1.0
27338,Ti,3.0
27338,Fe,2.0
4881,W,6.0
2715,Sr,2.0
2715,Cr,4.0
16457,In,3.0
16457,Au,1.0
10305,Tb,3.0
10305,Fe,3.0
4491,Nd,3.0
26526,V,5.0
26526,Cu,1.0
6034,Ce,3.0
10310,Pt,-0.6666666666666666
30919,Pb,2.0
26554,Y,3.0
26554,Zn,2.0
3941,Rb,1.0
3941,U,6.0
15114,Ce,3.0
15114,Ni,2.0
5794,Al,3.0
7058,Sm,3.0
7058,Cu,1.0
20581,Li,1.0
20581,Ga,3.0
3510,Na,1.0
26405,V,5.0
26405,Ag,1.0
26557,Dy,3.0
26557,Zn,2.0
30742,Rb,1.0
30742,Mn,2.0
28804,Y,3.0
28804,Cr,3.0
3898,Fe,2.0
21667,Nd,3.0
24181,Ta,5.0
24207,Zr,2.0
2998,Rb,1.0
2998,Au,3.0
26475,Tl,1.0
5865,Bi,1.5
6043,Nd,3.0
14459,Mn,2.0
14459,W,4.0
6044,Sm,3.0
7824,Ru,3.0
13183,K,1.0
13183,In,3.0
7983,Fe,2.0
30862,Ni,2.0
30862,Sn,2.0
29946,Dy,3.0
6032,Np,3.0
3550,Ag,1.0
27494,Fe,2.0
27494,Rh,3.0
16537,Np,4.0
21905,Tl,1.0
21905,Cd,2.0
24910,Cs,1.0
7047,Ti,3.0
21665,Ce,4.0
6031,Ac,3.0
24854,Cs,1.0
24854,Bi,3.0
21265,Os,3.0
31085,Sn,2.0
3940,Cs,1.0
3940,U,6.0
16180,Pr,3.0
16180,Pd,2.0
29578,Cr,2.0
29578,Rh,3.0
15774,Ca,2.0
21037,Ba,2.0
21037,Cr,2.0
21906,Tl,1.0
21906,Cd,2.0
21906,Sn,4.0
26257,Pr,3.0
26257,Zn,2.0
21267,La,3.0
18024,U,6.0
18024,Pt,-2.0
4902,Mg,2.0
4902,Pd,4.0
3259,Cr,2.0
21907,Tl,1.0
21907,Hg,2.0
26698,Ce,3.0
26698,Mn,2.0
2991,Mg,2.0
2991,Pb,4.0
24867,Rb,1.0
24867,Bi,3.0
7269,Mn,2.0
25610,Pr,4.0
24911,Rb,1.0
14681,Mn,2.0
14681,Mo,4.0
20906,Cd,2.0
20906,Cu,1.0
25035,Na,1.0
25035,Au,3.0
5311,Cs,1.0
5311,Sm,3.0
7801,Fe,2.0
7801,Ag,1.0
7801,Sn,4.0
15946,Tl,1.0
3200,Sn,2.25
14805,Sm,3.0
15201,Fe,3.0
15201,Cu,1.5
15201,Sn,2.0
24574,Nd,3.0
28918,Re,4.0
7808,Fe,2.0
5881,La,3.0
3003,Cs,1.0
3003,Bi,5.0
29196,Ce,4.0
31135,Nb,5.0
21931,Sr,2.0
21931,Cu,1.0
27076,Tb,3.0
27076,Fe,2.0
14232,K,1.0
14232,Au,-1.0
2967,Fe,3.0
23207,Cs,1.0
23207,Li,1.0
4721,Fe,3.0
12545,Al,3.0
10287,Nd,3.0
10287,Fe,3.0
22296,Li,1.0
22296,Mg,2.0
20746,La,3.0
20746,Fe,2.0
2351,U,3.0
20953,Li,1.0
20953,Au,5.0
31350,Li,1.0
31350,Cu,1.0
14444,Fe,2.0
16089,Nd,3.0
16089,Bi,3.0
16992,Bi,3.0
3179,Y,3.0
6290,Tl,1.0
6290,Ga,3.0
20607,Ce,3.0
20607,Fe,2.0
14570,Tl,1.0
14570,V,5.0
2992,Zn,2.0
2992,Pb,4.0
15018,Mo,3.0
20693,Sm,3.0
20693,Fe,2.0
16483,Sm,2.0
16483,Cu,1.0
7940,Ca,2.0
5118,Tl,1.0
29638,Fe,2.0
29638,Cu,1.0
4835,Cs,1.0
4835,Fe,3.0
5581,Rb,1.0
5581,Ru,5.0
30920,Pb,2.0
30241,Rb,1.0
30241,Fe,3.0
13173,Zr,4.0
13173,V,2.0
6961,Ti,3.0
4904,Zn,2.0
4904,Pd,4.0
20842,Nd,3.0
20842,Fe,2.0
27075,Gd,3.0
27075,Fe,2.0
24966,Pd,4.0
18950,K,1.0
18950,Cr,5.0
15535,U,6.0
28798,Gd,3.0
28798,Cr,3.0
6033,La,3.0
16030,Ga,3.0
16030,Ag,1.0
16747,Ag,1.0
23634,In,3.0
23634,Cu,1.0
5582,Cs,1.0
5582,Ru,5.0
